,Unemployment_Rate,Student_Rate,Retired_Rate,Home_Family_Rate,LongTerm_Sick_Disabled_Rate,Other_Inactive_Rate,Young_Population_Rate,Working_Age_Rate,Elderly_Population_Rate,No_Qualification_Rate,Level1_Qualification_Rate,Level2_Qualification_Rate,Apprenticeship_Rate,Level3_Qualification_Rate,Level4Plus_Qualification_Rate,Other_Qualification_Rate,Low_Qualification_Rate,Good_Health_Rate,Fair_Health_Rate,Poor_Health_Rate,Disability_Rate,Not_Disabled_Rate,Migrant_Within_UK_Rate,Migrant_Outside_UK_Rate,Asian_Rate,Black_Rate,Mixed_Rate,White_Rate,Other_Ethnic_Group_Rate,No_Car_Van_Rate,One_Car_Van_Rate,Two_Cars_Vans_Rate,ThreePlus_Cars_Vans_Rate,Any_Car_Van_Rate,Work_From_Home_Rate,Public_Transport_Rate,Car_Commute_Rate,Active_Travel_Rate,Other_Transport_Rate,Owned_Rate,Shared_Ownership_Rate,Social_Rented_Rate,Private_Rented_Rate,Lives_Rent_Free_Rate,House_Rate,Purpose_Built_Flat_Rate,Converted_Building_Rate,Other_Temporary_Accommodation_Rate,Managerial_Rate,Intermediate_Occupations_Rate,Small_Employers_Rate,Lower_Occupations_Rate,Never_Worked_Rate,Full_Time_Students_Rate,Primary_Industry_Rate,Production_Construction_Rate,Consumer_Services_Rate,Business_Knowledge_Services_Rate,Public_Services_Rate,Other_Services_Rate,Population_per_km2,IMD_Score,IMD_Rank,IMD_Decile,Income_Deprivation_Score,Employment_Deprivation_Score,Education_Deprivation_Score,Health_Deprivation_Score,Crime_Deprivation_Score,Housing_Services_Deprivation_Score,Living_Environment_Deprivation_Score
Unemployment_Rate,1.0,0.4794420599489802,-0.5399885531997041,0.6766086957789096,0.6288745579438043,0.7361858554751369,0.4526920353064902,0.2894710036391108,-0.514717614027987,0.5842882955802923,0.275456501407568,-0.09076186308446767,-0.24931085073575285,-0.2920221363731543,-0.29339649512984856,0.3426384229767534,0.5319215728054923,-0.38136882714050696,0.2587734075445222,0.499291094218323,0.2717024181301819,-0.27170241554896685,0.06972914014680107,0.2854197427895957,0.43383670835800114,0.5691822146435438,0.39894388442429546,-0.5651156708687829,0.5002047614344166,0.7120817825714009,-0.012028109136084722,-0.7019473874134211,-0.5837047078755988,-0.7240788954965165,-0.39998994460657694,0.6320094596784709,-0.18208364145111708,0.42101368048545745,0.6027381328064936,-0.740310861245207,0.014005509534791872,0.5922093419829071,0.3567373388125622,0.46486606916876894,-0.4236285086676099,0.4568188233420382,0.259010562811832,0.0934519667940843,-0.6127450748699501,-0.5001378711037804,-0.32169093659156917,0.37618289759612855,0.793005266313904,0.45714215504712397,-0.34847730361961066,-0.17117041036322106,0.5543949522083899,-0.18188509163523162,-0.13401796611985078,-0.14089647796950247,0.4418569234647039,0.7167753958201021,-0.7276183729287986,-0.7224104340918054,0.7980560647584813,0.7200488018652484,0.5432680504649962,0.5808682037239934,0.5918679634170976,0.18417265226995283,0.271394683345912
Student_Rate,0.4794420599489802,1.0,-0.6354750856464246,0.37126203812051983,0.12177278054213728,0.39353215452269025,0.4490150178166343,0.41183043546987147,-0.614473164225359,0.011621716502440805,-0.26568739577468564,-0.4325319479498329,-0.6035119185848983,-0.06018871409537215,0.18611334611271266,0.06160507785092721,-0.06970682378368938,0.21236035621435242,-0.30825012792377104,-0.05532131319996085,-0.22783353090718023,0.2278335348126138,0.31330948032026246,0.5724654845753763,0.5939447776601654,0.5562548357334475,0.5362357731865985,-0.6217847462691384,0.611028861242079,0.45735582404816794,-0.11155184407554912,-0.46507427146636093,-0.36714454116795986,-0.5099755663149308,0.06214794938840629,0.5392624424134967,-0.47839124814950906,0.3212064759632412,0.33864391646034064,-0.5159402824685954,0.04469371844006318,0.2732019529539938,0.40542227748852655,0.24836898164898802,-0.3899243368516318,0.34710832787717244,0.33830058657127887,0.05019323301537364,-0.1871967929579831,-0.5454722850300129,-0.29683588249599197,-0.19858009333666846,0.29047245271280486,0.9674948077612132,-0.3451285942980173,-0.48609129885788516,0.1752525307134786,0.17844996496624857,0.03908763710807318,0.02421802020012852,0.3924352156000205,0.2620456212422371,-0.27602447632366983,-0.27611644152760323,0.29800216008796027,0.17534327892740115,0.04853939998332349,0.14690467485112577,0.33065564554132243,0.23018608982901007,0.2809171667121595
Retired_Rate,-0.5399885531997041,-0.6354750856464246,1.0,-0.5170459841458326,-0.2992871526789265,-0.6007046064514174,-0.5733890002646878,-0.7971710306402168,0.9852178029728128,-0.11728793403093683,0.010675301551064014,0.2624336364968036,0.5403349180209879,0.15090342961131503,-0.07832437554295021,-0.06197797930808121,-0.08769509998665967,-0.2227967505374677,0.34775548311426707,0.02492176375468525,0.2710186891119056,-0.271018689266625,-0.3381196040487949,-0.5020551593292802,-0.5860915665642169,-0.6703122149592345,-0.6405816682135707,0.6084170718807347,-0.62508896963775,-0.5678041282819479,-0.015349520336851994,0.5767028518161748,0.5326944721024487,0.6028043570441212,0.06564242384288957,-0.6476593308488028,0.4362072254012714,-0.39115168059252825,-0.41811250210612205,0.703043391468574,-0.1891318368885779,-0.4513492043795841,-0.5787946535951158,-0.28859665169284704,0.4813596352345355,-0.47504399783930623,-0.3842379114257322,-0.046066902119798595,0.2727903422230755,0.48123715477174156,0.3584419221728007,-0.09232530590387873,-0.36989836469051235,-0.648912601971612,0.43817395580945445,0.3609292453788658,-0.3089710847783469,-0.13363776829104632,0.17135217364092362,0.020121697486346853,-0.5285314706585306,-0.4547244556945346,0.46552996300330146,0.4634759271518565,-0.45618171844945,-0.3132199580277838,-0.2894152705807249,-0.2705865441795614,-0.5005994254744887,-0.24026422125810287,-0.32936935965293135
Home_Family_Rate,0.6766086957789096,0.37126203812051983,-0.5170459841458326,1.0,0.5231309390079707,0.6856254879408916,0.6696728558006528,0.11102143730347126,-0.5051189108205797,0.5927192968427095,0.3697354611403312,0.06018060042390281,-0.26397470406178647,-0.3947794466496148,-0.29170026343461924,0.3579814623461902,0.5661364638339031,-0.2404194802081792,0.12563485868745425,0.3650205751896582,0.0997824112872008,-0.09978241078878328,-0.13861298119367796,0.16920655053785127,0.47277141065447975,0.462833307880023,0.3159158761831797,-0.5768146043044773,0.4505374746640915,0.4558479268426782,-0.024912821178776804,-0.4442433298944005,-0.32272525214106745,-0.4470186424194031,-0.35563797551679005,0.49794050560051206,-0.0688535719023025,0.21853157615354254,0.5439652340362781,-0.5540379998125986,0.03364443322678133,0.5303882194824954,0.21571712711597804,0.40265872554716314,-0.1755052800483451,0.26980396574500065,0.07039121607061204,0.004145914629872723,-0.5293154562200096,-0.4188522358708144,-0.10499821285342431,0.3591365876119308,0.7194901780584706,0.32858639042199056,-0.23128251725789328,-0.06443070759740946,0.5063113560459813,-0.12613366692411856,-0.2946651971981622,-0.23509538230235344,0.2714699242712544,0.6126390134055582,-0.6298234468768217,-0.6269443764373296,0.7038146101707407,0.6008686731153563,0.5084968567962714,0.3736155731183444,0.4687398781271068,0.2480873912891653,0.1882843822698534
LongTerm_Sick_Disabled_Rate,0.6288745579438043,0.12177278054213728,-0.2992871526789265,0.5231309390079707,1.0,0.6144861796956986,0.3040361975561171,0.11699322946274114,-0.27929797402513795,0.7635904117380403,0.5184767309872379,0.21693452993849488,0.14270577507870252,-0.11977947552872269,-0.5861973317477557,0.2545757133177214,0.7420952053321456,-0.773424158547316,0.6447861092244296,0.8477439436891088,0.7298810526657601,-0.7298810513208348,-0.09363957090488892,-0.06423240292201259,0.027824878437651152,0.20739451699368644,0.05883400458736988,-0.1281868941041243,0.09773022186314861,0.6394119424534632,0.12163815888407928,-0.5739257589316773,-0.5224106289525735,-0.5607890872944261,-0.6455490826887155,0.32675721296103577,0.21814713999796273,0.43660077136038633,0.5444040169124609,-0.6364273540503703,0.0015494130384435577,0.7257730290960179,0.15694760847499492,0.44081824114429946,-0.19858626872902688,0.3232050872843691,0.05917326585085661,0.02541172556159139,-0.7498587466110025,-0.31579163780381286,-0.33205436695669543,0.713417751957866,0.7908339313956817,0.10465692355167869,-0.18298211561596897,0.1742290387372365,0.5902880908637133,-0.5091975939186197,-0.02400314506104145,-0.2340722718608459,0.2691234046572483,0.8644219534418036,-0.8671290715121599,-0.8610449705341439,0.8670995071152633,0.895812669871589,0.7622649596499089,0.8240798245120312,0.5759610285149058,-0.0563588974932384,0.1337287489461595
Other_Inactive_Rate,0.7361858554751369,0.39353215452269025,-0.6007046064514174,0.6856254879408916,0.6144861796956986,1.0,0.4109718093265985,0.38742492431002684,-0.5584809444442391,0.5786850980714562,0.2852674517586937,-0.09300166618850106,-0.24029890914446486,-0.3500963023824868,-0.25668111226823487,0.35859973309069015,0.5300921336792762,-0.32540413902857424,0.21054626238718258,0.43916124038554577,0.20377057357448408,-0.20377057263181614,0.08472222408892117,0.30474031172375726,0.46687055148616297,0.5617716406797364,0.3951099629376402,-0.5811456713134759,0.5329309087093311,0.6712706790048071,0.033818210358727875,-0.6639486793559041,-0.5425250759400161,-0.6637804310870499,-0.36635904985730433,0.603147866605347,-0.1910293118061668,0.4147350486164403,0.6016992654306018,-0.7084242994384076,0.0601982243849845,0.5721586890584767,0.4427072903069923,0.40726581200515605,-0.4153997901935622,0.451229336766287,0.30810670727847755,0.1376148898786882,-0.565514763059223,-0.4776246209380328,-0.19840195099855495,0.38690140740747253,0.7793778944258449,0.3648151549743649,-0.30979971694804187,-0.1536537246126507,0.5241086592240511,-0.148955554343721,-0.1997965649305758,-0.11949183928164515,0.3885327421606014,0.7265728238438968,-0.7338473387681156,-0.7294014363643724,0.7341481569936732,0.6515622880560761,0.5445286427881764,0.5302989661648538,0.5995136349769208,0.2212912007891051,0.3339561627090656
Young_Population_Rate,0.4526920353064902,0.4490150178166343,-0.5733890002646878,0.6696728558006528,0.3040361975561171,0.4109718093265985,1.0,-0.0028775369540448878,-0.6285611987554492,0.3495744785671286,0.3165316691497497,0.20983072100545927,-0.23055750727417906,-0.09683488768280027,-0.2742688440674164,0.13404399928475214,0.363837141703553,0.04393892260575621,-0.1398721297459304,0.0914348232062403,-0.11092346417744524,0.1109234670924732,-0.20159627121679105,0.04867255258051645,0.3935506206202071,0.39934718235876004,0.3184385524269436,-0.4256677283369113,0.29595489463868724,0.21597863366755693,0.0530300697414782,-0.16581884088286492,-0.21653335757879477,-0.17982052667277376,-0.3258790980174078,0.3349117863241264,0.0502790706443893,0.12856123669174208,0.3727879816053818,-0.3449929971102594,0.07505505668990983,0.38742325809513956,0.029406718076114835,0.2973385817176014,0.05462331069428787,0.11766816503795477,-0.12792800327567339,-0.16342801436871454,-0.4142520031445338,-0.20935276456084834,-0.259661251834506,0.2634036707584315,0.40209835743600136,0.43827997748651615,-0.30744952179287627,-0.030804899849910892,0.38627872504099564,-0.1506755283823591,-0.04037643581159357,-0.31053148687751936,0.29391787187610485,0.35380351378528924,-0.37399842443145637,-0.37346601805697843,0.4900531540451782,0.3899198259615502,0.37997151395984236,0.23830938789823738,0.3138893245625975,0.08572208350225012,-0.000878902565829645
Working_Age_Rate,0.2894710036391108,0.41183043546987147,-0.7971710306402168,0.11102143730347126,0.11699322946274114,0.38742492431002684,-0.0028775369540448878,1.0,-0.7718716923719156,-0.14009011181886433,-0.22639119428005264,-0.42699574466016954,-0.44841149441188366,-0.0633629239876081,0.2873677971192349,-0.06362306246952242,-0.17502302589369093,0.268443144296568,-0.3473381473572647,-0.12651628151515676,-0.273180518888801,0.2731805175826932,0.5210410842509582,0.5259312834786652,0.4093064264465658,0.4993483267645179,0.5294855359776828,-0.3930881684010612,0.5036841361000013,0.4962071471878615,3.6158621682110564e-05,-0.5303811601834888,-0.48581961321782513,-0.5575849734323859,0.1429951015704592,0.517543282840717,-0.5214992048276837,0.34847792234913905,0.2092355656454024,-0.5548411186018273,0.17296696221832686,0.23234054328765327,0.638976701017148,0.11486264912031985,-0.5705196559666845,0.451000941157198,0.5038780380634302,0.13130925215668388,-0.010754132846737208,-0.3631062692231783,-0.3062882887555651,-0.05989949829998162,0.12163621599196958,0.44428279275768695,-0.3423638007182795,-0.37312011742831463,0.07925254701982704,0.24696508909015694,-0.13322177681572742,0.16004920230324274,0.44988540943060856,0.2558439366532897,-0.2572893160524484,-0.25579943674047645,0.17147658127925777,0.07857585788236215,0.061210527017627615,0.1546499296214843,0.3695839375908002,0.16963365334131333,0.34758934065566915
Elderly_Population_Rate,-0.514717614027987,-0.614473164225359,0.9852178029728128,-0.5051189108205797,-0.27929797402513795,-0.5584809444442391,-0.6285611987554492,-0.7718716923719156,1.0,-0.11047465994425391,-0.017000280270316737,0.20839372906090978,0.5012346228550194,0.10990324209354103,-0.051258299242113774,-0.03621263811374235,-0.09067300958552586,-0.23981325983632762,0.36184688972331974,0.04352703619895712,0.28436625590736353,-0.28436625663851617,-0.2872688206614285,-0.44797570010780735,-0.569268324183848,-0.6431132583502324,-0.614740786611969,0.5779362551634695,-0.5823174815677069,-0.5273482669350917,-0.032034672378372604,0.5232567466183506,0.5183142714574297,0.5534058419081123,0.09293618223156998,-0.6164827706624884,0.37845919687037516,-0.35748012641805105,-0.40051499833144777,0.6542056773822146,-0.1805954593502076,-0.4242880947697724,-0.5199171762332508,-0.2780680559085721,0.4153643231566057,-0.4284016430158567,-0.3150405340773183,-0.0013192566942936248,0.27150294819225335,0.4212368145543838,0.4073052122759678,-0.11323647109352261,-0.3468477337585224,-0.6329932097945322,0.4616105629901481,0.3169911411671763,-0.3077078015383019,-0.09868956827410591,0.12828079978965193,0.07041914153626183,-0.5380042321481678,-0.42340457870648796,0.43710628300726284,0.43555449621287173,-0.4422386319798587,-0.3062428351091653,-0.2880238711964118,-0.27298998202208513,-0.4855607887517324,-0.1888979079832542,-0.2732386169019104
No_Qualification_Rate,0.5842882955802923,0.011621716502440805,-0.11728793403093683,0.5927192968427095,0.7635904117380403,0.5786850980714562,0.3495744785671286,-0.14009011181886433,-0.11047465994425391,1.0,0.6952592009113177,0.3324640915143137,0.2929776051633296,-0.18052707700521567,-0.7963411833066603,0.45758534240747634,0.9764250033637055,-0.7685426005660191,0.6933544189709272,0.7710176098933857,0.6146993354880531,-0.6146993331618034,-0.3404840538148514,-0.1788857861361758,0.07811397411600553,0.16312504386274618,-0.09268405017901472,-0.19383290381924054,0.06011313689538633,0.46780545762795733,0.10635533867740248,-0.3982183281350855,-0.33466161360387475,-0.37179576212226334,-0.795730298939015,0.24160702342064447,0.42287667927684386,0.2812326719511472,0.5501034847075089,-0.4206507977001566,-0.09206702264629736,0.5371351208104598,0.007128751692142347,0.4127864486994532,0.05304247704218339,0.10051481721755136,-0.16977075160988148,-0.002183447517067452,-0.8671330963696392,-0.17707268693134456,-0.22517966757748,0.8110397157792103,0.8143635547760604,-0.0010540478042446273,-0.13957966445503286,0.40417165189209314,0.7241106486069792,-0.6285285134353513,-0.17392938907501534,-0.4131267026076989,0.18936937299474338,0.7587423533280606,-0.7602879457316448,-0.7552509148479009,0.7817344702750728,0.7890790248451807,0.8296127298857885,0.7057213616061155,0.4827006328494975,-0.05206784714327127,0.054925388206491836
Level1_Qualification_Rate,0.275456501407568,-0.26568739577468564,0.010675301551064014,0.3697354611403312,0.5184767309872379,0.2852674517586937,0.3165316691497497,-0.22639119428005264,-0.017000280270316737,0.6952592009113177,1.0,0.6778767363933607,0.5046830604323935,0.12050126185864812,-0.8564027519527749,0.3371947426286714,0.8332193517813289,-0.5766049230726003,0.573673059095439,0.506423252806943,0.4788622235128022,-0.4788622198249403,-0.434003196408298,-0.4072348110070785,-0.14195489793351093,-0.05017414206203576,-0.24911610620459315,0.09177305631704369,-0.22126244244207388,0.08365377374424571,0.11519685467657277,-0.009320411491794214,-0.0231128476487214,0.024408196832564306,-0.7651634523675799,-0.05115551211926369,0.6343852372512585,0.10331483247050721,0.3177189962460389,-0.11711300858952506,-0.04259710398721364,0.31415505424675616,-0.19149183447133128,0.20302225087122208,0.2960305917885437,-0.0968657047636958,-0.38385233361360854,-0.10532350732703014,-0.7154202731051823,0.2031558852446347,-0.09002726754868537,0.7963622706907757,0.4376940344794404,-0.2510652915513441,-0.021936750699121797,0.5731595670268949,0.6219735592318746,-0.6313098778768631,-0.15813905949414897,-0.447945513517686,0.03900233308905154,0.47289413446645284,-0.47143325044128503,-0.46852489091301974,0.4832366316441868,0.5147017469839534,0.7492376475636815,0.4492468162410615,0.2289732158784705,-0.10327653965111962,-0.1533832385831563
Level2_Qualification_Rate,-0.09076186308446767,-0.4325319479498329,0.2624336364968036,0.06018060042390281,0.21693452993849488,-0.09300166618850106,0.20983072100545927,-0.42699574466016954,0.20839372906090978,0.3324640915143137,0.6778767363933607,1.0,0.5763577741868483,0.3486460237995871,-0.6950550450515796,0.029361866595197163,0.45795087037583715,-0.3711819895456489,0.4078685066219731,0.27363449621283614,0.36911056222182625,-0.3691105569194149,-0.471752159344583,-0.6063416655648524,-0.4309073612824477,-0.3808449448226844,-0.46327481620984107,0.44043903398158646,-0.5383934168244703,-0.325582813291367,0.053429592710592104,0.3870117346715346,0.3099923950915972,0.4083322717268769,-0.5406569728561864,-0.388551979048446,0.7350155633449672,-0.15183732070964798,0.008096987923979157,0.25312483482231807,-0.0654836945589349,0.022101822925880053,-0.4134198989864046,-0.018284837215476465,0.5392409523077153,-0.35046888449588426,-0.5407643510287746,-0.17407759451800614,-0.37964144156786594,0.4530748715059666,0.056898985260182736,0.5512134245179621,0.028790131396013253,-0.4190165086796045,0.17842642435618344,0.6137961059689062,0.28959799301150124,-0.5292209046053394,-0.007757053217591539,-0.35967859435179284,-0.2328501630350504,0.1054670689286614,-0.10388733982807048,-0.10285170299160298,0.1338312144754338,0.2161676738316025,0.4288890703731799,0.16806150952763627,-0.07564640460199364,-0.20851041106387808,-0.2985755910077026
Apprenticeship_Rate,-0.24931085073575285,-0.6035119185848983,0.5403349180209879,-0.26397470406178647,0.14270577507870252,-0.24029890914446486,-0.23055750727417906,-0.44841149441188366,0.5012346228550194,0.2929776051633296,0.5046830604323935,0.5763577741868483,1.0,0.36956712187500984,-0.6224531918560575,0.07187085964575886,0.37527302613860164,-0.47663590485357904,0.5533683240459175,0.31152150645958465,0.4681863151723898,-0.4681863125041316,-0.39427259145764454,-0.5694521962318364,-0.5575666678893328,-0.5009411083988293,-0.6110991809234366,0.5586094246534336,-0.59332352850941,-0.2707646132824554,0.11817730895352745,0.3273662984440754,0.2335305689040455,0.3618838262099202,-0.5176751687711669,-0.4595390104290433,0.7354932404767957,-0.14353337269291402,-0.051986906789924146,0.361259764145028,-0.13191693260645895,-0.12000483026701839,-0.40854856629443675,-0.09989812112549294,0.49002729770687475,-0.4010554470944698,-0.48239690204468744,-0.10834078916963166,-0.31459013080709086,0.4921022722452812,0.056635868100845435,0.5294859195861304,-0.02534292603402161,-0.573829309611421,0.2510299842713831,0.68408272850871,0.17229850260173177,-0.6006196630112957,0.1041096991390068,-0.2588252333514192,-0.27036010694579865,0.028612347848481053,-0.010893181259874974,-0.009149834885493754,-0.027499307747695267,0.10392337946687097,0.32555634855700594,0.19886484724504888,-0.12632608056523692,-0.33524549459977765,-0.2679112054736826
Level3_Qualification_Rate,-0.2920221363731543,-0.06018871409537215,0.15090342961131503,-0.3947794466496148,-0.11977947552872269,-0.3500963023824868,-0.09683488768280027,-0.0633629239876081,0.10990324209354103,-0.18052707700521567,0.12050126185864812,0.3486460237995871,0.36956712187500984,1.0,-0.3435201560175618,-0.24507848341249763,-0.1028360593099533,-0.0018079166434089437,0.06225822877396748,-0.08082426708960941,0.10527303328901405,-0.1052730324452832,0.005513463687749108,-0.2588732091958785,-0.36767274011520684,-0.3703909864193965,-0.3581079927089985,0.42364426901756186,-0.43796383096106667,-0.34025346815618107,-0.014407040949412024,0.37925461990125797,0.2922163237002767,0.37143563509397626,-0.226272851902908,-0.39173584934801114,0.44385035967003267,-0.09842948682121472,-0.1406303510676179,0.27836515825290004,-0.019872558179841293,-0.20884927487348437,-0.16201427714319805,-0.1836270085457138,0.35561537924543685,-0.3168169805843062,-0.30572677213773997,-0.09680798068974464,-0.13536643615898292,0.3695079973810197,-0.06303645863152098,0.0996550954015321,-0.3263538575228327,0.0027722048059883116,0.16324879726775218,0.3092754241498957,0.03729966355278251,-0.34021432486920233,0.2550421524094262,-0.12048775804194399,-0.18644181652220454,-0.15900751841070238,0.1693206192537301,0.1679673267005279,-0.23202674837531276,-0.1691360325322186,0.08440733536881402,0.004453979912128859,-0.2046006409383641,-0.22267265888496546,-0.14679155187767734
Level4Plus_Qualification_Rate,-0.29339649512984856,0.18611334611271266,-0.07832437554295021,-0.29170026343461924,-0.5861973317477557,-0.25668111226823487,-0.2742688440674164,0.2873677971192349,-0.051258299242113774,-0.7963411833066603,-0.8564027519527749,-0.6950550450515796,-0.6224531918560575,-0.3435201560175618,1.0,-0.34114303940908824,-0.8683935295428491,0.7102165327720052,-0.7004697711234725,-0.6316756457869317,-0.626815410795992,0.6268154070875201,0.4032933471171835,0.42326318583619194,0.2258553947758078,0.14504958780712515,0.37351323512058415,-0.16517168162240098,0.3024627359386844,-0.1194868034669789,-0.10463437830184655,0.031246680785730948,0.04004480082502019,0.002262995368653938,0.8969961605189696,0.10094239296952452,-0.7499871201581177,-0.14121014527936765,-0.37179451378419714,0.12322773079183931,0.10151616282559585,-0.3179004481841799,0.1902737948302768,-0.22651316497285173,-0.3539062099813896,0.16112480363845985,0.4287797342568073,0.09215231697496626,0.8622090870277126,-0.16836347158697465,0.17518127736746042,-0.8589667723990443,-0.48778823889193607,0.16412390668693463,-0.01898524318854497,-0.655286713840763,-0.6915509139373897,0.806617134381506,0.06320478487302947,0.49042757838908174,-0.003940106706911426,-0.5387762051709715,0.5333366018078085,0.5295943542609546,-0.5258514954809361,-0.5833746141384497,-0.8212235248450165,-0.5865360750325536,-0.25266810469406986,0.19522210967943143,0.13001908780239346
Other_Qualification_Rate,0.3426384229767534,0.06160507785092721,-0.06197797930808121,0.3579814623461902,0.2545757133177214,0.35859973309069015,0.13404399928475214,-0.06362306246952242,-0.03621263811374235,0.45758534240747634,0.3371947426286714,0.029361866595197163,0.07187085964575886,-0.24507848341249763,-0.34114303940908824,1.0,0.45228528366779286,-0.2704522130317843,0.26528636354295204,0.24239637599932445,0.12024257581432972,-0.12024257351865723,-0.09804299538924656,0.1315334180257468,0.29167401669090753,0.26899262863045137,0.06821032854951312,-0.37084428628499194,0.2796656775547372,0.27397872155778186,0.0632752301783179,-0.2600321837366517,-0.18847500021440836,-0.2330577014022605,-0.3782949836188053,0.24362040654821865,0.08128098747950155,0.16606777322177627,0.3298330814594773,-0.23258671662069824,0.0046629108806083815,0.1729181541766159,0.15228832075366674,0.1946222938457694,-0.11970211947167057,0.16317974817785857,0.03193786527257147,0.0689848548552361,-0.4296158241901098,-0.08915791846517825,0.005056211916325828,0.32978648733627697,0.4455069600560672,0.06465783882867479,-0.12015460340486989,0.1232754114222865,0.4468157850576586,-0.2110590113461817,-0.23151404756028984,-0.21388761998664238,0.18538758032747155,0.3088649748738122,-0.30828784635988815,-0.3066109853480302,0.30061299943851216,0.25485534663543497,0.3560407236884266,0.21314551293827402,0.2170270617872646,0.13246298925439243,0.06002114336151748
Low_Qualification_Rate,0.5319215728054923,-0.06970682378368938,-0.08769509998665967,0.5661364638339031,0.7420952053321456,0.5300921336792762,0.363837141703553,-0.17502302589369093,-0.09067300958552586,0.9764250033637055,0.8332193517813289,0.45795087037583715,0.37527302613860164,-0.1028360593099533,-0.8683935295428491,0.45228528366779286,1.0,-0.7630751957343593,0.7042549092602408,0.7441783987041053,0.6158397647050705,-0.615839761841497,-0.3910056945129473,-0.25868391134867674,0.01785031143369892,0.11050693720170249,-0.14543197190365117,-0.12162038177137223,-0.01973520915032504,0.38515630157042596,0.11596819317025396,-0.3094396720476265,-0.2645165651338268,-0.27910153120421777,-0.840501144383408,0.1706850159736725,0.5143851199626165,0.2478412793737764,0.5180327071878993,-0.35926508621990333,-0.08353704202547646,0.5072559560926446,-0.05166258143761085,0.37821807306918964,0.12888512436612823,0.04873891442900426,-0.24504807444532237,-0.0332486442814991,-0.8809215483071332,-0.07622927304602067,-0.20086309997372823,0.861596069381516,0.7566685569269803,-0.07499858782872884,-0.11409920436252267,0.4812816275734199,0.743326511531118,-0.6717832153137642,-0.18121727981122646,-0.45176181989287423,0.15757990503488592,0.7249838357742221,-0.7257084958874459,-0.7209519611307774,0.7458893584141135,0.7608354353043905,0.8619851831304605,0.6771870335077954,0.43988538318000153,-0.07074281747159133,-0.0037300881220160747
Good_Health_Rate,-0.38136882714050696,0.21236035621435242,-0.2227967505374677,-0.2404194802081792,-0.773424158547316,-0.32540413902857424,0.04393892260575621,0.268443144296568,-0.23981325983632762,-0.7685426005660191,-0.5766049230726003,-0.3711819895456489,-0.47663590485357904,-0.0018079166434089437,0.7102165327720052,-0.2704522130317843,-0.7630751957343593,1.0,-0.9593625715196994,-0.924617433626328,-0.9365704914735081,0.9365704911978577,0.25207439030595385,0.3217686673058237,0.26464105064802734,0.14706338011081477,0.30122590778135544,-0.1873232487882966,0.23377397113158024,-0.380327769468988,-0.14721011001766077,0.3142971342939437,0.2778438829134679,0.27509657857373376,0.6855287709071513,-0.007383476020850899,-0.4845178019723875,-0.27744427910700303,-0.3581531121532516,0.28603054664026195,0.13014936308051575,-0.46166112121820213,0.10290855221040711,-0.29793110932624034,-0.05771268418591502,-0.07004499322718746,0.15435965850488378,-0.02245299000783646,0.6939155554407899,0.06118820853321373,0.19238954221183835,-0.7459212378367795,-0.6124539365233154,0.22906790281441647,-0.02331841679640605,-0.41195982849996715,-0.5078519034592384,0.6536605332006278,-0.04486148228339182,0.26533868704828667,-0.031306652008163384,-0.6457007652700067,0.642660410929447,0.6375588569657399,-0.6438517359787977,-0.7423566341412334,-0.675508779115409,-0.7186180673127256,-0.33541233941148524,0.21057357029127122,0.037871179222670866
Fair_Health_Rate,0.2587734075445222,-0.30825012792377104,0.34775548311426707,0.12563485868745425,0.6447861092244296,0.21054626238718258,-0.1398721297459304,-0.3473381473572647,0.36184688972331974,0.6933544189709272,0.573673059095439,0.4078685066219731,0.5533683240459175,0.06225822877396748,-0.7004697711234725,0.26528636354295204,0.7042549092602408,-0.9593625715196994,1.0,0.7808940543725532,0.8892849061487748,-0.8892849061606269,-0.2745982138585541,-0.37494252138520084,-0.32490233633727506,-0.2356342591338732,-0.382387776898193,0.2603529966944978,-0.3177310454661973,0.2557163753774921,0.1687934732668793,-0.19241006782090306,-0.16981267328334257,-0.13972449588318364,-0.6590356111915128,-0.1074800946562301,0.5436624272065462,0.2171708323689996,0.26398826153196664,-0.14492166726773442,-0.1414370198027992,0.3370217261379396,-0.1553581640245542,0.2135987774766544,0.13887772243177857,-0.015983125001891935,-0.20255997986181426,0.0221416333413447,-0.6264239987291678,0.035197874415760826,-0.11642078417595014,0.7075213479700313,0.4944595639872467,-0.3182820161487942,0.09446675068379344,0.4693254997922094,0.45510893354149845,-0.6572606905497698,0.05693835878626866,-0.2584581255556254,-0.045850436307529135,0.5222412510625833,-0.516095295677746,-0.5119560000208903,0.5000577534769794,0.6072434739481537,0.606680698178004,0.6082892692196821,0.22856078926095122,-0.2359898067459965,-0.0778562391968994
Poor_Health_Rate,0.499291094218323,-0.05532131319996085,0.02492176375468525,0.3650205751896582,0.8477439436891088,0.43916124038554577,0.0914348232062403,-0.12651628151515676,0.04352703619895712,0.7710176098933857,0.506423252806943,0.27363449621283614,0.31152150645958465,-0.08082426708960941,-0.6316756457869317,0.24239637599932445,0.7441783987041053,-0.924617433626328,0.7808940543725532,1.0,0.8789213478922759,-0.8789213472619432,-0.1884084385349176,-0.20871906545787777,-0.14880239404255677,-0.008210571352842993,-0.15266409472706663,0.06444198693951872,-0.09005810825319095,0.4995589617199703,0.09735180832287789,-0.43828839129919095,-0.38770247968291593,-0.4229877328736938,-0.6326904405225335,0.1615104387176401,0.3419173089962567,0.32301716403935604,0.43876634845807255,-0.4402757896998082,-0.09781201028453564,0.570699907345191,-0.018485991973542167,0.37469452461824637,-0.05981698832363948,0.1772131372859796,-0.06898442169761801,0.02079294527483768,-0.6956243614335498,-0.18438044396014383,-0.2704934959474051,0.7017640041672214,0.6932102439412331,-0.0789721961231646,-0.07550482752299803,0.28156039558201446,0.5139217467583763,-0.5645046062777067,0.02218820462696899,-0.24054414383162237,0.13125524199761213,0.7293950690101813,-0.7308969114430882,-0.7251168855223608,0.755916733741261,0.8301317484542969,0.6811039691470044,0.7751650559507809,0.4376877153148829,-0.14882369382527674,0.020786242742641573
Disability_Rate,0.2717024181301819,-0.22783353090718023,0.2710186891119056,0.0997824112872008,0.7298810526657601,0.20377057357448408,-0.11092346417744524,-0.273180518888801,0.28436625590736353,0.6146993354880531,0.4788622235128022,0.36911056222182625,0.4681863151723898,0.10527303328901405,-0.626815410795992,0.12024257581432972,0.6158397647050705,-0.9365704914735081,0.8892849061487748,0.8789213478922759,1.0,-0.9999999999998743,-0.16399993972133917,-0.34077576138932103,-0.4055596818002161,-0.26236318441118595,-0.3370862522761296,0.36457281387944795,-0.3506186953699585,0.3079343435572346,0.13093599065129885,-0.24413051252426388,-0.22580719903029395,-0.21165901435124376,-0.5868194511717749,-0.09782424769735738,0.47221741292366876,0.2821257230286982,0.26431438219998976,-0.241596359892451,-0.11604775787713238,0.42633308684588583,-0.13921365218772128,0.2301060504690941,0.07563710981361989,0.04344753156439925,-0.14398091706660024,0.011273594426801425,-0.5788282293886408,-0.044764645611162834,-0.20084849460856866,0.6599550045010736,0.4650773446147958,-0.2449817894438422,0.08048191058166489,0.3700096284455744,0.3815110580688961,-0.6139765637121604,0.1434565704891314,-0.18644840630770998,-0.03662440826414075,0.5647136987188175,-0.5610360242198957,-0.5559471178131268,0.5609474402773151,0.6862599591575705,0.5812631919052941,0.6858692223010253,0.27045672240005175,-0.26353981516975394,-0.07593633430113343
Not_Disabled_Rate,-0.27170241554896685,0.2278335348126138,-0.271018689266625,-0.09978241078878328,-0.7298810513208348,-0.20377057263181614,0.1109234670924732,0.2731805175826932,-0.28436625663851617,-0.6146993331618034,-0.4788622198249403,-0.3691105569194149,-0.4681863125041316,-0.1052730324452832,0.6268154070875201,-0.12024257351865723,-0.615839761841497,0.9365704911978577,-0.8892849061606269,-0.8789213472619432,-0.9999999999998743,1.0,0.1639999331468112,0.34077575800967935,0.40555968494186234,0.26236318299261413,0.337086250623042,-0.36457281587629076,0.3506186957877104,-0.3079343451590735,-0.1309359934168829,0.2441305148975301,0.22580720141032826,0.2116590158061128,0.5868194464893308,0.09782424809221191,-0.47221740757181996,-0.28212572708440337,-0.26431437955959397,0.24159636336730514,0.11604775902265235,-0.42633308884896715,0.1392136477342554,-0.23010605372663423,-0.07563710502062002,-0.043447536885785856,0.14398091254899664,-0.011273598201850294,0.5788282258928709,0.04476464903178612,0.2008484937164525,-0.6599550035502787,-0.46507734033096415,0.24498179257293648,-0.08048191491847019,-0.37000962792643655,-0.3815110534067486,0.6139765613878849,-0.14345656974869858,0.1864483993332701,0.036624411750983785,-0.5647136970407556,0.5610360231949866,0.5559471163408785,-0.5609474394849849,-0.6862599579909311,-0.5812631894499986,-0.6858692203511126,-0.2704567239262448,0.26353981437772916,0.07593633485759795
Migrant_Within_UK_Rate,0.06972914014680107,0.31330948032026246,-0.3381196040487949,-0.13861298119367796,-0.09363957090488892,0.08472222408892117,-0.20159627121679105,0.5210410842509582,-0.2872688206614285,-0.3404840538148514,-0.434003196408298,-0.471752159344583,-0.39427259145764454,0.005513463687749108,0.4032933471171835,-0.09804299538924656,-0.3910056945129473,0.25207439030595385,-0.2745982138585541,-0.1884084385349176,-0.16399993972133917,0.1639999331468112,1.0,0.5623819771075119,0.13165722105629635,0.18819565981621028,0.3030256910466025,-0.09221232736646227,0.25714104837095464,0.2830641192471678,-0.043019977541880895,-0.34908129946753413,-0.2719266117490772,-0.3640029492981831,0.31389342379964674,0.1667769107596917,-0.495273489405734,0.36059858889409874,-0.006077226830417846,-0.3886404850433395,0.2057863714933052,0.08021122740401841,0.5944621649870536,-0.022590085775682577,-0.5377544417694393,0.4074970730789909,0.5369952756330022,0.28757363686021226,0.19676220469869482,-0.4053104059147715,-0.0750693862203966,-0.2866004507502771,-0.14816393609646905,0.3262675296272055,-0.007921097975301694,-0.41264518675357625,-0.11110309757536763,0.3047657202360621,-0.07938311419091622,0.30122653026839236,0.10666052497967196,0.0074152242107049585,-0.004403161662475808,-0.0035925660087623478,-0.06674584391285539,-0.12243847988894938,-0.16597951675588818,-0.049228192754699224,0.10658223925925064,0.14303326837226019,0.27019577502099473
Migrant_Outside_UK_Rate,0.2854197427895957,0.5724654845753763,-0.5020551593292802,0.16920655053785127,-0.06423240292201259,0.30474031172375726,0.04867255258051645,0.5259312834786652,-0.44797570010780735,-0.1788857861361758,-0.4072348110070785,-0.6063416655648524,-0.5694521962318364,-0.2588732091958785,0.42326318583619194,0.1315334180257468,-0.25868391134867674,0.3217686673058237,-0.37494252138520084,-0.20871906545787777,-0.34077576138932103,0.34077575800967935,0.5623819771075119,1.0,0.5436892293776274,0.4737127395745653,0.49529587451553475,-0.519694166587126,0.6022343281485172,0.41830816583828784,-0.06787194279077054,-0.4762715739527888,-0.37251447344531124,-0.50121541761275,0.2776435933916109,0.4299568936355488,-0.6288060301518492,0.3818666122157133,0.1949195138050621,-0.472807969623135,0.11581605939131244,0.11663022669636038,0.6201849143194161,0.10358383073891236,-0.5738314327077979,0.452552594481828,0.5203104096513768,0.2200237069680816,0.08927419744271312,-0.4951540915637272,-0.14510204560029782,-0.3079907092858277,0.10008870480427168,0.5769552851525813,-0.21720039597705323,-0.5472533186510599,0.022396871027810364,0.3631897442568768,-0.12649029122606245,0.1801391357802112,0.3049039984387832,0.0845727474056637,-0.08981100426729441,-0.08897370219720023,0.054992800071006,-0.0538745134751591,-0.14210893939474462,-0.03952775714825679,0.20832312621861135,0.24768425396430419,0.3408306493383494
Asian_Rate,0.43383670835800114,0.5939447776601654,-0.5860915665642169,0.47277141065447975,0.027824878437651152,0.46687055148616297,0.3935506206202071,0.4093064264465658,-0.569268324183848,0.07811397411600553,-0.14195489793351093,-0.4309073612824477,-0.5575666678893328,-0.36767274011520684,0.2258553947758078,0.29167401669090753,0.01785031143369892,0.26464105064802734,-0.32490233633727506,-0.14880239404255677,-0.4055596818002161,0.40555968494186234,0.13165722105629635,0.5436892293776274,1.0,0.6934309419689612,0.6514926777979547,-0.8811806696065376,0.7815104544378528,0.3958807187754867,0.04268857658020951,-0.3976448840765776,-0.36138942045412076,-0.4008353129559744,0.09657344666548467,0.6164086520054818,-0.4723058951478497,0.16449116874647432,0.34393697952936936,-0.3595744980645184,0.07263693452370208,0.1210824202726786,0.40338353368000035,0.1975753353315127,-0.38403828656266364,0.40155013024027925,0.2976267657888575,0.04855715153833923,-0.07719980987815757,-0.27607475035824364,-0.20034247543619496,-0.18928862490130266,0.37280087365507275,0.5880054975965033,-0.5273245255959718,-0.44600829807690273,0.19688165709145083,0.2911476312654972,-0.08845954444637036,-0.09869705176909621,0.5056222706569387,0.1659250596443108,-0.17866180900222334,-0.179274637252647,0.19827516066997214,0.0623363187391118,-0.003385589455049152,0.02696137958686706,0.3345768757061005,0.23781615103449202,0.23806843346524637
Black_Rate,0.5691822146435438,0.5562548357334475,-0.6703122149592345,0.462833307880023,0.20739451699368644,0.5617716406797364,0.39934718235876004,0.4993483267645179,-0.6431132583502324,0.16312504386274618,-0.05017414206203576,-0.3808449448226844,-0.5009411083988293,-0.3703909864193965,0.14504958780712515,0.26899262863045137,0.11050693720170249,0.14706338011081477,-0.2356342591338732,-0.008210571352842993,-0.26236318441118595,0.26236318299261413,0.18819565981621028,0.4737127395745653,0.6934309419689612,1.0,0.7799391077492126,-0.7866954994406165,0.7714519155097777,0.5593517810966896,0.010474402575822392,-0.5810482792969043,-0.5004519753691925,-0.5966323079916911,0.022482304389185588,0.7788509752338877,-0.5348290661337713,0.19998543858418455,0.3812034977505768,-0.5823580340516891,0.17589493982958215,0.3887279304280365,0.39488884466223045,0.334715230864269,-0.5423430220117846,0.5176395877399336,0.36768834968511493,0.04193637625177645,-0.18438068926848244,-0.3367929766016762,-0.20927907698079254,-0.043886089868071756,0.440216366417706,0.5599816607307055,-0.489710563057776,-0.44321480227443466,0.21337966192955482,0.2524267620635237,-0.10649879368644179,0.043690916879545495,0.5106533125884902,0.36687637937078327,-0.3780612955136089,-0.37677270441455246,0.38741085878807574,0.24073209202734255,0.17406134867584216,0.17021100418454874,0.433815679017482,0.40273070707482567,0.25244055598844345
Mixed_Rate,0.39894388442429546,0.5362357731865985,-0.6405816682135707,0.3159158761831797,0.05883400458736988,0.3951099629376402,0.3184385524269436,0.5294855359776828,-0.614740786611969,-0.09268405017901472,-0.24911610620459315,-0.46327481620984107,-0.6110991809234366,-0.3581079927089985,0.37351323512058415,0.06821032854951312,-0.14543197190365117,0.30122590778135544,-0.382387776898193,-0.15266409472706663,-0.3370862522761296,0.337086250623042,0.3030256910466025,0.49529587451553475,0.6514926777979547,0.7799391077492126,1.0,-0.6227423414222816,0.7122338832329472,0.4649989902526999,0.05899070391658977,-0.4959998681883456,-0.453196457755743,-0.4977775007682745,0.2861735362367897,0.6694778423921861,-0.6481666024058503,0.20487117963631205,0.23406745665424802,-0.48364519253880495,0.17056274737479007,0.28064656737186533,0.3912213882593476,0.22258290775321074,-0.5589208386353184,0.5383814321441542,0.45043564091459565,0.06370081002968139,0.08275959890198518,-0.32794719917762055,-0.19086990507082266,-0.24445863692489714,0.20055874734378953,0.5221480989954828,-0.4985002556196138,-0.5601984688795526,-0.02156019903658517,0.4506704145923467,-0.0625217524455611,0.20569772492377592,0.49181501673445416,0.17797349263029658,-0.19001734679123478,-0.19047760472840156,0.20981570521374113,0.07932204108167287,-0.045590509810328785,0.003589456980991016,0.34391232382083325,0.293770325055617,0.24321400817507427
White_Rate,-0.5651156708687829,-0.6217847462691384,0.6084170718807347,-0.5768146043044773,-0.1281868941041243,-0.5811456713134759,-0.4256677283369113,-0.3930881684010612,0.5779362551634695,-0.19383290381924054,0.09177305631704369,0.44043903398158646,0.5586094246534336,0.42364426901756186,-0.16517168162240098,-0.37084428628499194,-0.12162038177137223,-0.1873232487882966,0.2603529966944978,0.06444198693951872,0.36457281387944795,-0.36457281587629076,-0.09221232736646227,-0.519694166587126,-0.8811806696065376,-0.7866954994406165,-0.6227423414222816,1.0,-0.8248366833052309,-0.47441528227131896,0.0325563016640919,0.49443582148534315,0.39308081550320056,0.5108899074180632,-0.007980820887282958,-0.6903170190985755,0.4894827841134995,-0.16517940419876942,-0.4008148098710545,0.46655698347968877,-0.10635956889624186,-0.23439329272349402,-0.42332362537732404,-0.2816227914861568,0.4456237829257167,-0.4066613395002702,-0.33067351214868757,-0.06896268295132252,0.19650948263080917,0.38590293006310544,0.12404274477366788,0.12114865751852862,-0.5102192601569865,-0.6155062967278664,0.4358903485809957,0.44685663506115586,-0.2800917870070164,-0.23273931324878555,0.13952210671503326,0.06705658203381575,-0.4709799191098476,-0.29611467619789394,0.30884506751859947,0.3089778523197059,-0.3290163155828614,-0.16819824336245293,-0.09546039279539298,-0.09242449331728936,-0.34325758036204546,-0.37726239775737674,-0.30955952262255604
Other_Ethnic_Group_Rate,0.5002047614344166,0.611028861242079,-0.62508896963775,0.4505374746640915,0.09773022186314861,0.5329309087093311,0.29595489463868724,0.5036841361000013,-0.5823174815677069,0.06011313689538633,-0.22126244244207388,-0.5383934168244703,-0.59332352850941,-0.43796383096106667,0.3024627359386844,0.2796656775547372,-0.01973520915032504,0.23377397113158024,-0.3177310454661973,-0.09005810825319095,-0.3506186953699585,0.3506186957877104,0.25714104837095464,0.6022343281485172,0.7815104544378528,0.7714519155097777,0.7122338832329472,-0.8248366833052309,1.0,0.5250821378208572,-0.010544267482093238,-0.5571900711067383,-0.46585249985080124,-0.5734558754426887,0.15310845211205468,0.720179275983436,-0.6257894918454179,0.24310582731297303,0.3509700253963639,-0.5181765274583332,0.11816510730573244,0.23760819287493498,0.4923643876884615,0.25518753768574753,-0.5742693260536468,0.5100941685431685,0.45826806715975155,0.10820162225642835,-0.06250832437936392,-0.41444016321615373,-0.13486723145782475,-0.19624397934081855,0.3946780975818364,0.5926960964949738,-0.4524745997840966,-0.5421722173789436,0.14386025079665798,0.3561445669061713,-0.1378422306019943,0.10348332866816802,0.5055640073571108,0.2490381614194718,-0.257763954576973,-0.2569159674750841,0.26939805850907517,0.12618537827025977,0.006009947376184246,0.046314093893394935,0.35877421468673965,0.3521476846291951,0.30482236218482023
No_Car_Van_Rate,0.7120817825714009,0.45735582404816794,-0.5678041282819479,0.4558479268426782,0.6394119424534632,0.6712706790048071,0.21597863366755693,0.4962071471878615,-0.5273482669350917,0.46780545762795733,0.08365377374424571,-0.325582813291367,-0.2707646132824554,-0.34025346815618107,-0.1194868034669789,0.27397872155778186,0.38515630157042596,-0.380327769468988,0.2557163753774921,0.4995589617199703,0.3079343435572346,-0.3079343451590735,0.2830641192471678,0.41830816583828784,0.3958807187754867,0.5593517810966896,0.4649989902526999,-0.47441528227131896,0.5250821378208572,1.0,0.19289693254516635,-0.9579057564471685,-0.8940191746792703,-0.9436703438254966,-0.27687907767607767,0.738918942528092,-0.38777474723400257,0.6602243316806777,0.5576212874397467,-0.8431407851195667,0.052212402388627975,0.6425963725885966,0.5518914311068226,0.42597729274902035,-0.6675139092889555,0.6794037125575341,0.4979125743406819,0.16430616459359762,-0.4886234934615059,-0.5194329801953146,-0.4796573810654427,0.3526497510477899,0.6877965456622572,0.4494720228561903,-0.4860078484348016,-0.28445989578191094,0.4189673107745756,-0.08802800859534496,-0.05604531251494263,0.020584430677230398,0.6520235646740877,0.707520472405151,-0.7134562554278333,-0.7091273909253569,0.7125490793731573,0.6428995465718237,0.4647906226344582,0.6208001226999681,0.6553048232954362,0.0076291083138244845,0.31531210427098627
One_Car_Van_Rate,-0.012028109136084722,-0.11155184407554912,-0.015349520336851994,-0.024912821178776804,0.12163815888407928,0.033818210358727875,0.0530300697414782,3.6158621682110564e-05,-0.032034672378372604,0.10635533867740248,0.11519685467657277,0.053429592710592104,0.11817730895352745,-0.014407040949412024,-0.10463437830184655,0.0632752301783179,0.11596819317025396,-0.14721011001766077,0.1687934732668793,0.09735180832287789,0.13093599065129885,-0.1309359934168829,-0.043019977541880895,-0.06787194279077054,0.04268857658020951,0.010474402575822392,0.05899070391658977,0.0325563016640919,-0.010544267482093238,0.19289693254516635,1.0,-0.22506123838046369,-0.44670155948381607,0.05665014746521824,-0.1826496451357611,0.12809638788672326,0.08415291396973858,0.2609711534058739,0.11440643454580823,-0.0029348633501282417,-0.007676229895133484,-0.0016629707426775318,0.19750136327357745,-0.04891983249699181,0.05808987749126786,0.12569724366869514,0.06367433556390334,-0.04631060361203256,-0.11895245718897463,0.13835514906787075,-0.18882323903079357,0.22431890797385043,0.07751796370408824,-0.10810618744801959,-0.2418182631678889,0.022543760019505078,0.10174767151851703,-0.17014182601696187,0.21449426179800285,-0.08893147535216193,0.29714079381495434,0.08177761677706538,-0.07413040567209693,-0.07469669784865882,0.05130349539232947,0.0657025576034426,0.12125589375764644,0.13680979830224588,0.1036945771296548,-0.2881445948633968,-0.05270090443254119
Two_Cars_Vans_Rate,-0.7019473874134211,-0.46507427146636093,0.5767028518161748,-0.4442433298944005,-0.5739257589316773,-0.6639486793559041,-0.16581884088286492,-0.5303811601834888,0.5232567466183506,-0.3982183281350855,-0.009320411491794214,0.3870117346715346,0.3273662984440754,0.37925461990125797,0.031246680785730948,-0.2600321837366517,-0.3094396720476265,0.3142971342939437,-0.19241006782090306,-0.43828839129919095,-0.24413051252426388,0.2441305148975301,-0.34908129946753413,-0.4762715739527888,-0.3976448840765776,-0.5810482792969043,-0.4959998681883456,0.49443582148534315,-0.5571900711067383,-0.9579057564471685,-0.22506123838046369,1.0,0.8587216641571677,0.9451048680732863,0.18645562014689374,-0.7504750217131921,0.4830143225942829,-0.6542737512603447,-0.536142516999249,0.847418461356649,-0.06659485238682128,-0.590799510763431,-0.6138276177295816,-0.39418710781657873,0.7204586880762929,-0.6746990673437724,-0.559735278837622,-0.20999405066305202,0.4183055887177104,0.5604448907430388,0.3991464184680707,-0.26847215179245215,-0.639280343104807,-0.45192746431597286,0.4190209530865487,0.3620323136895142,-0.3618646407235608,0.005265012036731107,0.09658308765870918,-0.09715392341401352,-0.6044841944620446,-0.6714186928244898,0.6759872360437098,0.6715176731329896,-0.6677415264639277,-0.5867765511638637,-0.40180384456452567,-0.5501051011498325,-0.6139490280835489,-0.0922890741524096,-0.3816729562333967
ThreePlus_Cars_Vans_Rate,-0.5837047078755988,-0.36714454116795986,0.5326944721024487,-0.32272525214106745,-0.5224106289525735,-0.5425250759400161,-0.21653335757879477,-0.48581961321782513,0.5183142714574297,-0.33466161360387475,-0.0231128476487214,0.3099923950915972,0.2335305689040455,0.2922163237002767,0.04004480082502019,-0.18847500021440836,-0.2645165651338268,0.2778438829134679,-0.16981267328334257,-0.38770247968291593,-0.22580719903029395,0.22580720141032826,-0.2719266117490772,-0.37251447344531124,-0.36138942045412076,-0.5004519753691925,-0.453196457755743,0.39308081550320056,-0.46585249985080124,-0.8940191746792703,-0.44670155948381607,0.8587216641571677,1.0,0.8153656600627112,0.22317930113105555,-0.6786732140112977,0.37024893485468846,-0.6380025151306884,-0.47010587486323435,0.7200226415114125,-0.07355459084589017,-0.49878629345301845,-0.5303240279517858,-0.33450766238232577,0.5900870382584186,-0.6210912603323215,-0.4352179428783185,-0.08936737991921065,0.36334907050630044,0.37429569102126276,0.5681446330054352,-0.3077732180862076,-0.5506490387921552,-0.3672699983702699,0.5501641020371161,0.30233731651897994,-0.3242013736574576,0.06960792432913464,-0.07661088195215063,-0.009607319052681586,-0.7131977149625054,-0.552365459000895,0.5604517298326488,0.557331720966038,-0.5863360341195103,-0.530284904938209,-0.3503349034224733,-0.5475344552068364,-0.5623250614674878,0.11468782855412336,-0.2147766775271955
Any_Car_Van_Rate,-0.7240788954965165,-0.5099755663149308,0.6028043570441212,-0.4470186424194031,-0.5607890872944261,-0.6637804310870499,-0.17982052667277376,-0.5575849734323859,0.5534058419081123,-0.37179576212226334,0.024408196832564306,0.4083322717268769,0.3618838262099202,0.37143563509397626,0.002262995368653938,-0.2330577014022605,-0.27910153120421777,0.27509657857373376,-0.13972449588318364,-0.4229877328736938,-0.21165901435124376,0.2116590158061128,-0.3640029492981831,-0.50121541761275,-0.4008353129559744,-0.5966323079916911,-0.4977775007682745,0.5108899074180632,-0.5734558754426887,-0.9436703438254966,0.05665014746521824,0.9451048680732863,0.8153656600627112,1.0,0.151721136354724,-0.7384423727361575,0.5100206433273179,-0.604968176265451,-0.5154574887707944,0.872066948788814,-0.07801371356828708,-0.6098813498879844,-0.5578554121303753,-0.425871893665191,0.753893427185392,-0.6639784373724144,-0.534561060388002,-0.1989715737370282,0.39249818039278894,0.5895527676531788,0.42670967763394846,-0.22498574858186265,-0.6342788205679725,-0.49971741311570067,0.41269266122330794,0.37607683693587457,-0.3434422345712858,-0.030407726797041356,0.11988132709980777,-0.10374367455394794,-0.5838920646432156,-0.6554241751218112,0.6645858779627807,0.6599942975887174,-0.6778561834688059,-0.5941152895186586,-0.3744820700244899,-0.5476863276903964,-0.6091876070847109,-0.13103678102249397,-0.3698695010335799
Work_From_Home_Rate,-0.39998994460657694,0.06214794938840629,0.06564242384288957,-0.35563797551679005,-0.6455490826887155,-0.36635904985730433,-0.3258790980174078,0.1429951015704592,0.09293618223156998,-0.795730298939015,-0.7651634523675799,-0.5406569728561864,-0.5176751687711669,-0.226272851902908,0.8969961605189696,-0.3782949836188053,-0.840501144383408,0.6855287709071513,-0.6590356111915128,-0.6326904405225335,-0.5868194511717749,0.5868194464893308,0.31389342379964674,0.2776435933916109,0.09657344666548467,0.022482304389185588,0.2861735362367897,-0.007980820887282958,0.15310845211205468,-0.27687907767607767,-0.1826496451357611,0.18645562014689374,0.22317930113105555,0.151721136354724,1.0,-0.013680467052133407,-0.6890169447634308,-0.30086369212152236,-0.46649181457850336,0.27315171186609255,0.07471202306809861,-0.37688592267846344,0.020271794845482683,-0.28706059735489814,-0.23353705354109885,0.05466027111957832,0.30798913666870087,0.0897325603745365,0.8985415864032438,-0.006150885884815799,0.26651190676927866,-0.8925016722971372,-0.5739432067279399,0.026014571598303993,0.051047257097780886,-0.5773892722017608,-0.7677951116156091,0.878226169122258,-0.04015420161033545,0.5188397859677328,-0.13269720473093657,-0.6266726915035216,0.6229745779946299,0.6191722439734528,-0.6122927944558659,-0.6453887073633146,-0.8173443456622365,-0.6788389103215469,-0.33932075211698465,0.17565911406271711,0.04068537350231284
Public_Transport_Rate,0.6320094596784709,0.5392624424134967,-0.6476593308488028,0.49794050560051206,0.32675721296103577,0.603147866605347,0.3349117863241264,0.517543282840717,-0.6164827706624884,0.24160702342064447,-0.05115551211926369,-0.388551979048446,-0.4595390104290433,-0.39173584934801114,0.10094239296952452,0.24362040654821865,0.1706850159736725,-0.007383476020850899,-0.1074800946562301,0.1615104387176401,-0.09782424769735738,0.09782424809221191,0.1667769107596917,0.4299568936355488,0.6164086520054818,0.7788509752338877,0.6694778423921861,-0.6903170190985755,0.720179275983436,0.738918942528092,0.12809638788672326,-0.7504750217131921,-0.6786732140112977,-0.7384423727361575,-0.013680467052133407,1.0,-0.5908644650916026,0.2623552662420727,0.4369847809381776,-0.630424676325069,0.07267665832293953,0.40341585151740944,0.4454364254563277,0.3277105280204406,-0.5933171677254724,0.5750633620714103,0.4575581092205632,0.08384437159661853,-0.2472783578916223,-0.34203452229151504,-0.28123791719685365,0.022685732258955815,0.5448469243669273,0.5276587967477298,-0.5885257460446115,-0.44816106519299137,0.21032230090267776,0.23750337262823676,-0.0803874234176694,0.06646374487901684,0.6295249101981851,0.45674961499163946,-0.4670447140258945,-0.4646839071560467,0.48490311542767195,0.3674482133839113,0.21477039607538476,0.284435059627435,0.5364569479367601,0.2383565905424992,0.2797885672324722
Car_Commute_Rate,-0.18208364145111708,-0.47839124814950906,0.4362072254012714,-0.0688535719023025,0.21814713999796273,-0.1910293118061668,0.0502790706443893,-0.5214992048276837,0.37845919687037516,0.42287667927684386,0.6343852372512585,0.7350155633449672,0.7354932404767957,0.44385035967003267,-0.7499871201581177,0.08128098747950155,0.5143851199626165,-0.4845178019723875,0.5436624272065462,0.3419173089962567,0.47221741292366876,-0.47221740757181996,-0.495273489405734,-0.6288060301518492,-0.4723058951478497,-0.5348290661337713,-0.6481666024058503,0.4894827841134995,-0.6257894918454179,-0.38777474723400257,0.08415291396973858,0.4830143225942829,0.37024893485468846,0.5100206433273179,-0.6890169447634308,-0.5908644650916026,1.0,-0.23191229765741098,-0.0016858174050814678,0.36362377896962755,-0.14178350283184052,-0.060211776507753174,-0.4568930028366132,-0.0351263251070341,0.6841867516112972,-0.49775593499634346,-0.6544200109026986,-0.2063616149968802,-0.4481164245121423,0.40447081886674047,-0.0020791750661742696,0.6119554624235161,0.0460823500950727,-0.4502594671738909,0.2776734089166617,0.7849871218960509,0.3562930503140166,-0.7621148782960653,0.09776465866794647,-0.47447552657352043,-0.3382590012414733,0.10593310876385315,-0.09413245051124358,-0.09312970205425754,0.08120498634421192,0.19944569935357134,0.43029329464074706,0.2747860305989168,-0.1162217185108334,-0.3201595611817323,-0.30458087469967676
Active_Travel_Rate,0.42101368048545745,0.3212064759632412,-0.39115168059252825,0.21853157615354254,0.43660077136038633,0.4147350486164403,0.12856123669174208,0.34847792234913905,-0.35748012641805105,0.2812326719511472,0.10331483247050721,-0.15183732070964798,-0.14353337269291402,-0.09842948682121472,-0.14121014527936765,0.16606777322177627,0.2478412793737764,-0.27744427910700303,0.2171708323689996,0.32301716403935604,0.2821257230286982,-0.28212572708440337,0.36059858889409874,0.3818666122157133,0.16449116874647432,0.19998543858418455,0.20487117963631205,-0.16517940419876942,0.24310582731297303,0.6602243316806777,0.2609711534058739,-0.6542737512603447,-0.6380025151306884,-0.604968176265451,-0.30086369212152236,0.2623552662420727,-0.23191229765741098,1.0,0.366208618399661,-0.6283525032654725,0.04741629302750055,0.42618045410670713,0.5126980255480005,0.24070715440865886,-0.4200948304644596,0.4558037107614099,0.394100569070914,0.16507155690120195,-0.3968776042035505,-0.45403053458837894,-0.3944354293945392,0.3528372892862168,0.3486402500596089,0.3316312595793731,-0.22177130894514063,-0.1921115972298124,0.3905796097588079,-0.22010668271924805,0.038118115129088186,-0.00622780596529797,0.445581875884431,0.45802295914273616,-0.465479690267232,-0.46292691053442825,0.46131728051920506,0.42308849805222487,0.37518326850343425,0.43877510168509415,0.39265600241434234,-0.13398806045498188,0.23347042403886162
Other_Transport_Rate,0.6027381328064936,0.33864391646034064,-0.41811250210612205,0.5439652340362781,0.5444040169124609,0.6016992654306018,0.3727879816053818,0.2092355656454024,-0.40051499833144777,0.5501034847075089,0.3177189962460389,0.008096987923979157,-0.051986906789924146,-0.1406303510676179,-0.37179451378419714,0.3298330814594773,0.5180327071878993,-0.3581531121532516,0.26398826153196664,0.43876634845807255,0.26431438219998976,-0.26431437955959397,-0.006077226830417846,0.1949195138050621,0.34393697952936936,0.3812034977505768,0.23406745665424802,-0.4008148098710545,0.3509700253963639,0.5576212874397467,0.11440643454580823,-0.536142516999249,-0.47010587486323435,-0.5154574887707944,-0.46649181457850336,0.4369847809381776,-0.0016858174050814678,0.366208618399661,1.0,-0.5291493418444495,-0.031208891816344925,0.42111916261052634,0.31487118240480183,0.3297920890293935,-0.21831500623406586,0.2790100117378819,0.14393019193620274,0.04386805836094503,-0.596898060860758,-0.3203021696905073,-0.246532021553846,0.4258404285040212,0.6390710407878405,0.33214615285919186,-0.28149173530523847,-0.04197131382482876,0.5475932806487173,-0.3010241048401374,-0.08469282372036785,-0.18636529987101969,0.35605829872596184,0.6336598375796177,-0.6342428959557719,-0.6298246470630543,0.6338253620319542,0.5869850159353108,0.5374529986308001,0.5474532780669071,0.5136979304093466,0.04582254934530873,0.2672754444194367
Owned_Rate,-0.740310861245207,-0.5159402824685954,0.703043391468574,-0.5540379998125986,-0.6364273540503703,-0.7084242994384076,-0.3449929971102594,-0.5548411186018273,0.6542056773822146,-0.4206507977001566,-0.11711300858952506,0.25312483482231807,0.361259764145028,0.27836515825290004,0.12322773079183931,-0.23258671662069824,-0.35926508621990333,0.28603054664026195,-0.14492166726773442,-0.4402757896998082,-0.241596359892451,0.24159636336730514,-0.3886404850433395,-0.472807969623135,-0.3595744980645184,-0.5823580340516891,-0.48364519253880495,0.46655698347968877,-0.5181765274583332,-0.8431407851195667,-0.0029348633501282417,0.847418461356649,0.7200226415114125,0.872066948788814,0.27315171186609255,-0.630424676325069,0.36362377896962755,-0.6283525032654725,-0.5291493418444495,1.0,-0.19314551751380563,-0.7847300885126314,-0.5881260081784337,-0.4714265926995856,0.6850274800772227,-0.6872666249777045,-0.45359178023892144,-0.17874174797879622,0.5041769057753265,0.6422345095618779,0.36528151047773494,-0.33708066255907376,-0.6274373941293507,-0.5097641210458574,0.2927064134754656,0.297439305072487,-0.46731343129078745,0.06750137677999411,0.18182386243793766,-0.00632803857761493,-0.45358831984556147,-0.7334413083060227,0.7430467834917741,0.7383308122735067,-0.7503920277735562,-0.6481399307221113,-0.5087690020108215,-0.5643844042764884,-0.5926079347499154,-0.23790450092546983,-0.31526274445766717
Shared_Ownership_Rate,0.014005509534791872,0.04469371844006318,-0.1891318368885779,0.03364443322678133,0.0015494130384435577,0.0601982243849845,0.07505505668990983,0.17296696221832686,-0.1805954593502076,-0.09206702264629736,-0.04259710398721364,-0.0654836945589349,-0.13191693260645895,-0.019872558179841293,0.10151616282559585,0.0046629108806083815,-0.08353704202547646,0.13014936308051575,-0.1414370198027992,-0.09781201028453564,-0.11604775787713238,0.11604775902265235,0.2057863714933052,0.11581605939131244,0.07263693452370208,0.17589493982958215,0.17056274737479007,-0.10635956889624186,0.11816510730573244,0.052212402388627975,-0.007676229895133484,-0.06659485238682128,-0.07355459084589017,-0.07801371356828708,0.07471202306809861,0.07267665832293953,-0.14178350283184052,0.04741629302750055,-0.031208891816344925,-0.19314551751380563,1.0,0.1937473146755892,0.0899170783521602,0.011550561572951944,-0.19898087058208863,0.22230095428222424,0.07822447403056404,0.05769026703392248,0.05372331949431463,-0.056165665450640466,0.028209422056045867,-0.05106858465142184,-0.03583945880502502,0.053793112372238605,0.015561132194822257,-0.1295332266712801,-0.005589030326205777,0.1361654984741974,-0.06929722901446814,0.08491286595905743,0.014124333230187703,0.023705457672612475,-0.022112899714026055,-0.02225526428272507,0.010163058208138644,-0.04001540524128404,0.017126024736458356,-0.06732905991540927,0.004446984170937124,0.19106940565639258,0.007894404685875815
Social_Rented_Rate,0.5922093419829071,0.2732019529539938,-0.4513492043795841,0.5303882194824954,0.7257730290960179,0.5721586890584767,0.38742325809513956,0.23234054328765327,-0.4242880947697724,0.5371351208104598,0.31415505424675616,0.022101822925880053,-0.12000483026701839,-0.20884927487348437,-0.3179004481841799,0.1729181541766159,0.5072559560926446,-0.46166112121820213,0.3370217261379396,0.570699907345191,0.42633308684588583,-0.42633308884896715,0.08021122740401841,0.11663022669636038,0.1210824202726786,0.3887279304280365,0.28064656737186533,-0.23439329272349402,0.23760819287493498,0.6425963725885966,-0.0016629707426775318,-0.590799510763431,-0.49878629345301845,-0.6098813498879844,-0.37688592267846344,0.40341585151740944,-0.060211776507753174,0.42618045410670713,0.42111916261052634,-0.7847300885126314,0.1937473146755892,1.0,0.15398013191168008,0.49140872243000433,-0.37769440934327275,0.5190181551121742,0.13804428377090106,0.026133325229198746,-0.5419811498968377,-0.4517439389480534,-0.27860155671394715,0.47776943442628794,0.6075672474583568,0.2529222106877001,-0.1464341707151388,-0.044281691966425854,0.4285204684792567,-0.20439378478979103,-0.1420926760982681,-0.06991378165456069,0.23041009555314712,0.7300321221879109,-0.7356355250333857,-0.7312838691379875,0.7476044811491422,0.6909300206882152,0.609603286437673,0.5702592410914903,0.4843254830254498,0.16721292574680138,0.09192455256331108
Private_Rented_Rate,0.3567373388125622,0.40542227748852655,-0.5787946535951158,0.21571712711597804,0.15694760847499492,0.4427072903069923,0.029406718076114835,0.638976701017148,-0.5199171762332508,0.007128751692142347,-0.19149183447133128,-0.4134198989864046,-0.40854856629443675,-0.16201427714319805,0.1902737948302768,0.15228832075366674,-0.05166258143761085,0.10290855221040711,-0.1553581640245542,-0.018485991973542167,-0.13921365218772128,0.1392136477342554,0.5944621649870536,0.6201849143194161,0.40338353368000035,0.39488884466223045,0.3912213882593476,-0.42332362537732404,0.4923643876884615,0.5518914311068226,0.19750136327357745,-0.6138276177295816,-0.5303240279517858,-0.5578554121303753,0.020271794845482683,0.4454364254563277,-0.4568930028366132,0.5126980255480005,0.31487118240480183,-0.5881260081784337,0.0899170783521602,0.15398013191168008,1.0,0.07753947199677388,-0.5711708502072114,0.49662958831096227,0.6544792643510848,0.34536174498389083,-0.13442071692492222,-0.48157602464936594,-0.10370100344666444,-0.016923647182117973,0.2316638407449177,0.4130262511590865,-0.17586656372785883,-0.3694495146057671,0.22046372896183747,0.10949593667923471,-0.15886223629735854,0.14456347052367918,0.33978781669475344,0.32527341718031494,-0.3217996242471659,-0.32033676158624946,0.2210196169062445,0.11835609881365876,0.09811234259697234,0.16397248880780527,0.3568844191970873,0.1607294067620691,0.5287182632470264
Lives_Rent_Free_Rate,0.46486606916876894,0.24836898164898802,-0.28859665169284704,0.40265872554716314,0.44081824114429946,0.40726581200515605,0.2973385817176014,0.11486264912031985,-0.2780680559085721,0.4127864486994532,0.20302225087122208,-0.018284837215476465,-0.09989812112549294,-0.1836270085457138,-0.22651316497285173,0.1946222938457694,0.37821807306918964,-0.29793110932624034,0.2135987774766544,0.37469452461824637,0.2301060504690941,-0.23010605372663423,-0.022590085775682577,0.10358383073891236,0.1975753353315127,0.334715230864269,0.22258290775321074,-0.2816227914861568,0.25518753768574753,0.42597729274902035,-0.04891983249699181,-0.39418710781657873,-0.33450766238232577,-0.425871893665191,-0.28706059735489814,0.3277105280204406,-0.0351263251070341,0.24070715440865886,0.3297920890293935,-0.4714265926995856,0.011550561572951944,0.49140872243000433,0.07753947199677388,1.0,-0.24085751435294883,0.2968280895692337,0.062164475231304486,-0.0007444355189443072,-0.39511824604065193,-0.3032210562902216,-0.22394788957738407,0.30445019732399886,0.4644564400781038,0.24156342559964683,-0.19110906111854448,-0.02212618309292917,0.34189728041071876,-0.1636771439537777,-0.08668508393771232,-0.12206748363876531,0.22372088543779103,0.4585488711264842,-0.4695787534174919,-0.4675959702218871,0.5143779436909657,0.4695577868060081,0.37822223340213085,0.3884176252039148,0.339854792872646,0.11352937330287219,0.0824736807103235
House_Rate,-0.4236285086676099,-0.3899243368516318,0.4813596352345355,-0.1755052800483451,-0.19858626872902688,-0.4153997901935622,0.05462331069428787,-0.5705196559666845,0.4153643231566057,0.05304247704218339,0.2960305917885437,0.5392409523077153,0.49002729770687475,0.35561537924543685,-0.3539062099813896,-0.11970211947167057,0.12888512436612823,-0.05771268418591502,0.13887772243177857,-0.05981698832363948,0.07563710981361989,-0.07563710502062002,-0.5377544417694393,-0.5738314327077979,-0.38403828656266364,-0.5423430220117846,-0.5589208386353184,0.4456237829257167,-0.5742693260536468,-0.6675139092889555,0.05808987749126786,0.7204586880762929,0.5900870382584186,0.753893427185392,-0.23353705354109885,-0.5933171677254724,0.6841867516112972,-0.4200948304644596,-0.21831500623406586,0.6850274800772227,-0.19898087058208863,-0.37769440934327275,-0.5711708502072114,-0.24085751435294883,1.0,-0.8243587548431234,-0.6924609058215526,-0.31554538920591285,-0.03718729274159967,0.46448781230556674,0.15912061947876513,0.16719798598068814,-0.2601916364292465,-0.38134579432785526,0.3043161977637773,0.5423438945211618,-0.01638413616697495,-0.3780821482968439,0.14407092036979272,-0.31141906142906595,-0.43770944359768815,-0.2854835901746707,0.29053402887590657,0.2891123751829349,-0.2725268564867753,-0.1832180876336714,0.0068988852780677195,-0.14408785134520563,-0.34043089807688587,-0.2734764679045033,-0.29043171469330265
Purpose_Built_Flat_Rate,0.4568188233420382,0.34710832787717244,-0.47504399783930623,0.26980396574500065,0.3232050872843691,0.451229336766287,0.11766816503795477,0.451000941157198,-0.4284016430158567,0.10051481721755136,-0.0968657047636958,-0.35046888449588426,-0.4010554470944698,-0.3168169805843062,0.16112480363845985,0.16317974817785857,0.04873891442900426,-0.07004499322718746,-0.015983125001891935,0.1772131372859796,0.04344753156439925,-0.043447536885785856,0.4074970730789909,0.452552594481828,0.40155013024027925,0.5176395877399336,0.5383814321441542,-0.4066613395002702,0.5100941685431685,0.6794037125575341,0.12569724366869514,-0.6746990673437724,-0.6210912603323215,-0.6639784373724144,0.05466027111957832,0.5750633620714103,-0.49775593499634346,0.4558037107614099,0.2790100117378819,-0.6872666249777045,0.22230095428222424,0.5190181551121742,0.49662958831096227,0.2968280895692337,-0.8243587548431234,1.0,0.5394011413500048,0.19576408530928707,-0.10860606005241183,-0.37308454351758186,-0.24451342083299527,0.0076080346489434195,0.3413357160313937,0.33842207916847505,-0.4074597107115268,-0.41384662864638533,0.14623791383058096,0.24022838595785778,-0.09393982405929859,0.14234173038447975,0.4902376523097685,0.3545535389560695,-0.3599795420467001,-0.3580778579803949,0.37436907643958267,0.296422056088501,0.13881047910128044,0.23113537906595147,0.40888713733931964,0.1622692098722767,0.15164999538975268
Converted_Building_Rate,0.259010562811832,0.33830058657127887,-0.3842379114257322,0.07039121607061204,0.05917326585085661,0.30810670727847755,-0.12792800327567339,0.5038780380634302,-0.3150405340773183,-0.16977075160988148,-0.38385233361360854,-0.5407643510287746,-0.48239690204468744,-0.30572677213773997,0.4287797342568073,0.03193786527257147,-0.24504807444532237,0.15435965850488378,-0.20255997986181426,-0.06898442169761801,-0.14398091706660024,0.14398091254899664,0.5369952756330022,0.5203104096513768,0.2976267657888575,0.36768834968511493,0.45043564091459565,-0.33067351214868757,0.45826806715975155,0.4979125743406819,0.06367433556390334,-0.559735278837622,-0.4352179428783185,-0.534561060388002,0.30798913666870087,0.4575581092205632,-0.6544200109026986,0.394100569070914,0.14393019193620274,-0.45359178023892144,0.07822447403056404,0.13804428377090106,0.6544792643510848,0.062164475231304486,-0.6924609058215526,0.5394011413500048,1.0,0.3453886994113009,0.14390341732476167,-0.4654535809636075,0.03515040279287318,-0.26794838099224433,0.10871193098169009,0.3205013044928055,-0.18684757024569768,-0.5053417979424745,-0.07808257105738506,0.373165108081805,-0.1040549426825815,0.38561523788714486,0.31588030723893684,0.16428569194356277,-0.16240059440325413,-0.1614848927098166,0.10237746299070113,0.03460571237175291,-0.1452832800092073,0.015261424721473946,0.2783630125472614,0.17446328824472507,0.43324571776530707
Other_Temporary_Accommodation_Rate,0.0934519667940843,0.05019323301537364,-0.046066902119798595,0.004145914629872723,0.02541172556159139,0.1376148898786882,-0.16342801436871454,0.13130925215668388,-0.0013192566942936248,-0.002183447517067452,-0.10532350732703014,-0.17407759451800614,-0.10834078916963166,-0.09680798068974464,0.09215231697496626,0.0689848548552361,-0.0332486442814991,-0.02245299000783646,0.0221416333413447,0.02079294527483768,0.011273594426801425,-0.011273598201850294,0.28757363686021226,0.2200237069680816,0.04855715153833923,0.04193637625177645,0.06370081002968139,-0.06896268295132252,0.10820162225642835,0.16430616459359762,-0.04631060361203256,-0.20999405066305202,-0.08936737991921065,-0.1989715737370282,0.0897325603745365,0.08384437159661853,-0.2063616149968802,0.16507155690120195,0.04386805836094503,-0.17874174797879622,0.05769026703392248,0.026133325229198746,0.34536174498389083,-0.0007444355189443072,-0.31554538920591285,0.19576408530928707,0.3453886994113009,1.0,0.009621943547649328,-0.21940885495954862,0.1779458777185145,-0.0788424264244622,0.04910247571775941,0.03678960928368544,0.09930419004323024,-0.12652011738551888,0.030386445478658996,0.08746669715101818,-0.14558146693384022,0.17696869363101486,-0.07241628357108229,0.09585591508612741,-0.09040283709875428,-0.0890994689216942,0.03622200836264269,0.011019269876980663,-0.010316952055474707,-0.0030079371712378976,0.10569623270090776,0.07191368350015062,0.3033318524514243
Managerial_Rate,-0.6127450748699501,-0.1871967929579831,0.2727903422230755,-0.5293154562200096,-0.7498587466110025,-0.565514763059223,-0.4142520031445338,-0.010754132846737208,0.27150294819225335,-0.8671330963696392,-0.7154202731051823,-0.37964144156786594,-0.31459013080709086,-0.13536643615898292,0.8622090870277126,-0.4296158241901098,-0.8809215483071332,0.6939155554407899,-0.6264239987291678,-0.6956243614335498,-0.5788282293886408,0.5788282258928709,0.19676220469869482,0.08927419744271312,-0.07719980987815757,-0.18438068926848244,0.08275959890198518,0.19650948263080917,-0.06250832437936392,-0.4886234934615059,-0.11895245718897463,0.4183055887177104,0.36334907050630044,0.39249818039278894,0.8985415864032438,-0.2472783578916223,-0.4481164245121423,-0.3968776042035505,-0.596898060860758,0.5041769057753265,0.05372331949431463,-0.5419811498968377,-0.13442071692492222,-0.39511824604065193,-0.03718729274159967,-0.10860606005241183,0.14390341732476167,0.009621943547649328,1.0,0.20251851549442954,0.28630973046531705,-0.8509253139800856,-0.738994861034945,-0.20553216617677314,0.13325987143046195,-0.3910604336340568,-0.835173346916657,0.7362772292082567,0.1096570932662217,0.43333655656641357,-0.23859638490525112,-0.7867525893809573,0.7876989480812953,0.7831357627197548,-0.7690710468643448,-0.7602706082385834,-0.8903948230724039,-0.7439185310185873,-0.48997279152370377,0.045490769405447266,-0.10424733179909948
Intermediate_Occupations_Rate,-0.5001378711037804,-0.5454722850300129,0.48123715477174156,-0.4188522358708144,-0.31579163780381286,-0.4776246209380328,-0.20935276456084834,-0.3631062692231783,0.4212368145543838,-0.17707268693134456,0.2031558852446347,0.4530748715059666,0.4921022722452812,0.3695079973810197,-0.16836347158697465,-0.08915791846517825,-0.07622927304602067,0.06118820853321373,0.035197874415760826,-0.18438044396014383,-0.044764645611162834,0.04476464903178612,-0.4053104059147715,-0.4951540915637272,-0.27607475035824364,-0.3367929766016762,-0.32794719917762055,0.38590293006310544,-0.41444016321615373,-0.5194329801953146,0.13835514906787075,0.5604448907430388,0.37429569102126276,0.5895527676531788,-0.006150885884815799,-0.34203452229151504,0.40447081886674047,-0.45403053458837894,-0.3203021696905073,0.6422345095618779,-0.056165665450640466,-0.4517439389480534,-0.48157602464936594,-0.3032210562902216,0.46448781230556674,-0.37308454351758186,-0.4654535809636075,-0.21940885495954862,0.20251851549442954,1.0,0.055191191604004416,-0.037908410849306566,-0.3737781586220262,-0.5124508264742557,-0.014538659876271495,0.30548010533154313,-0.2533885451393545,-0.057647190531343095,0.2891145810777123,-0.14583721036336453,-0.1393106493622608,-0.4384698690624396,0.44744171165594826,0.44516554337010267,-0.4368615727713931,-0.34924386820271736,-0.1542558785443596,-0.24819091725550435,-0.33994655098460436,-0.2703928689767315,-0.4001613095040097
Small_Employers_Rate,-0.32169093659156917,-0.29683588249599197,0.3584419221728007,-0.10499821285342431,-0.33205436695669543,-0.19840195099855495,-0.259661251834506,-0.3062882887555651,0.4073052122759678,-0.22517966757748,-0.09002726754868537,0.056898985260182736,0.056635868100845435,-0.06303645863152098,0.17518127736746042,0.005056211916325828,-0.20086309997372823,0.19238954221183835,-0.11642078417595014,-0.2704934959474051,-0.20084849460856866,0.2008484937164525,-0.0750693862203966,-0.14510204560029782,-0.20034247543619496,-0.20927907698079254,-0.19086990507082266,0.12404274477366788,-0.13486723145782475,-0.4796573810654427,-0.18882323903079357,0.3991464184680707,0.5681446330054352,0.42670967763394846,0.26651190676927866,-0.28123791719685365,-0.0020791750661742696,-0.3944354293945392,-0.246532021553846,0.36528151047773494,0.028209422056045867,-0.27860155671394715,-0.10370100344666444,-0.22394788957738407,0.15912061947876513,-0.24451342083299527,0.03515040279287318,0.1779458777185145,0.28630973046531705,0.055191191604004416,1.0,-0.3402348681408614,-0.30325060047184865,-0.3299897252642344,0.5327098030012078,0.055385467728768234,-0.2599691362074685,0.21795556413587652,-0.2550432485368183,0.2875138201910203,-0.5632308114679746,-0.26396543971108277,0.2807589615897772,0.2793466872791698,-0.36684885701304265,-0.37577640558668285,-0.25584714430815036,-0.4767873909439376,-0.348164900064791,0.33677215592136256,0.15309724387469453
Lower_Occupations_Rate,0.37618289759612855,-0.19858009333666846,-0.09232530590387873,0.3591365876119308,0.713417751957866,0.38690140740747253,0.2634036707584315,-0.05989949829998162,-0.11323647109352261,0.8110397157792103,0.7963622706907757,0.5512134245179621,0.5294859195861304,0.0996550954015321,-0.8589667723990443,0.32978648733627697,0.861596069381516,-0.7459212378367795,0.7075213479700313,0.7017640041672214,0.6599550045010736,-0.6599550035502787,-0.2866004507502771,-0.3079907092858277,-0.18928862490130266,-0.043886089868071756,-0.24445863692489714,0.12114865751852862,-0.19624397934081855,0.3526497510477899,0.22431890797385043,-0.26847215179245215,-0.3077732180862076,-0.22498574858186265,-0.8925016722971372,0.022685732258955815,0.6119554624235161,0.3528372892862168,0.4258404285040212,-0.33708066255907376,-0.05106858465142184,0.47776943442628794,-0.016923647182117973,0.30445019732399886,0.16719798598068814,0.0076080346489434195,-0.26794838099224433,-0.0788424264244622,-0.8509253139800856,-0.037908410849306566,-0.3402348681408614,1.0,0.5577844424553752,-0.17816978901798283,-0.057899576141748066,0.5855067531020995,0.7186220246170939,-0.7911347790706609,-0.10712601025213543,-0.4396591261425364,0.1607597282159942,0.6668858639639729,-0.6680780435657536,-0.6641712022342879,0.6550156579682607,0.7000283024207794,0.8443921947039112,0.694653585484491,0.3821261823301177,-0.22435360863744316,-0.05737384038915188
Never_Worked_Rate,0.793005266313904,0.29047245271280486,-0.36989836469051235,0.7194901780584706,0.7908339313956817,0.7793778944258449,0.40209835743600136,0.12163621599196958,-0.3468477337585224,0.8143635547760604,0.4376940344794404,0.028790131396013253,-0.02534292603402161,-0.3263538575228327,-0.48778823889193607,0.4455069600560672,0.7566685569269803,-0.6124539365233154,0.4944595639872467,0.6932102439412331,0.4650773446147958,-0.46507734033096415,-0.14816393609646905,0.10008870480427168,0.37280087365507275,0.440216366417706,0.20055874734378953,-0.5102192601569865,0.3946780975818364,0.6877965456622572,0.07751796370408824,-0.639280343104807,-0.5506490387921552,-0.6342788205679725,-0.5739432067279399,0.5448469243669273,0.0460823500950727,0.3486402500596089,0.6390710407878405,-0.6274373941293507,-0.03583945880502502,0.6075672474583568,0.2316638407449177,0.4644564400781038,-0.2601916364292465,0.3413357160313937,0.10871193098169009,0.04910247571775941,-0.738994861034945,-0.3737781586220262,-0.30325060047184865,0.5577844424553752,1.0,0.26349939929873994,-0.30955748654887644,0.040087155597155553,0.6194935197763666,-0.3685120518313149,-0.1072016750109941,-0.27166601728593626,0.3813718429031343,0.8132091725172229,-0.8190223674947849,-0.8135570853629155,0.850294831794948,0.8098369815393316,0.6729772515078157,0.7105177654229693,0.6114581932012435,0.08453005368601803,0.19485438748176032
Full_Time_Students_Rate,0.45714215504712397,0.9674948077612132,-0.648912601971612,0.32858639042199056,0.10465692355167869,0.3648151549743649,0.43827997748651615,0.44428279275768695,-0.6329932097945322,-0.0010540478042446273,-0.2510652915513441,-0.4190165086796045,-0.573829309611421,0.0027722048059883116,0.16412390668693463,0.06465783882867479,-0.07499858782872884,0.22906790281441647,-0.3182820161487942,-0.0789721961231646,-0.2449817894438422,0.24498179257293648,0.3262675296272055,0.5769552851525813,0.5880054975965033,0.5599816607307055,0.5221480989954828,-0.6155062967278664,0.5926960964949738,0.4494720228561903,-0.10810618744801959,-0.45192746431597286,-0.3672699983702699,-0.49971741311570067,0.026014571598303993,0.5276587967477298,-0.4502594671738909,0.3316312595793731,0.33214615285919186,-0.5097641210458574,0.053793112372238605,0.2529222106877001,0.4130262511590865,0.24156342559964683,-0.38134579432785526,0.33842207916847505,0.3205013044928055,0.03678960928368544,-0.20553216617677314,-0.5124508264742557,-0.3299897252642344,-0.17816978901798283,0.26349939929873994,1.0,-0.3654524533041158,-0.46522956995832987,0.21033653110750905,0.1437586380012919,0.05610275286958855,-0.001102470799657451,0.41661187084077195,0.24815160925131421,-0.262211506616647,-0.2623487177170009,0.2761066053015915,0.15134101681563839,0.05973472496965922,0.1563871159984287,0.32376947180819393,0.2147636799785153,0.26695413904009213
Primary_Industry_Rate,-0.34847730361961066,-0.3451285942980173,0.43817395580945445,-0.23128251725789328,-0.18298211561596897,-0.30979971694804187,-0.30744952179287627,-0.3423638007182795,0.4616105629901481,-0.13957966445503286,-0.021936750699121797,0.17842642435618344,0.2510299842713831,0.16324879726775218,-0.01898524318854497,-0.12015460340486989,-0.11409920436252267,-0.02331841679640605,0.09446675068379344,-0.07550482752299803,0.08048191058166489,-0.08048191491847019,-0.007921097975301694,-0.21720039597705323,-0.5273245255959718,-0.489710563057776,-0.4985002556196138,0.4358903485809957,-0.4524745997840966,-0.4860078484348016,-0.2418182631678889,0.4190209530865487,0.5501641020371161,0.41269266122330794,0.051047257097780886,-0.5885257460446115,0.2776734089166617,-0.22177130894514063,-0.28149173530523847,0.2927064134754656,0.015561132194822257,-0.1464341707151388,-0.17586656372785883,-0.19110906111854448,0.3043161977637773,-0.4074597107115268,-0.18684757024569768,0.09930419004323024,0.13325987143046195,-0.014538659876271495,0.5327098030012078,-0.057899576141748066,-0.30955748654887644,-0.3654524533041158,1.0,0.2344058272315936,-0.17625696708643673,-0.1324798598066514,-0.12769059829732254,0.09230650774034574,-0.7622160790295709,-0.16499155503346963,0.18148640740189742,0.18166961466777015,-0.2646373812317424,-0.21375286296422422,-0.11362495370460468,-0.23159590348624795,-0.4107145093603243,0.1792113171008433,0.08067306711658834
Production_Construction_Rate,-0.17117041036322106,-0.48609129885788516,0.3609292453788658,-0.06443070759740946,0.1742290387372365,-0.1536537246126507,-0.030804899849910892,-0.37312011742831463,0.3169911411671763,0.40417165189209314,0.5731595670268949,0.6137961059689062,0.68408272850871,0.3092754241498957,-0.655286713840763,0.1232754114222865,0.4812816275734199,-0.41195982849996715,0.4693254997922094,0.28156039558201446,0.3700096284455744,-0.37000962792643655,-0.41264518675357625,-0.5472533186510599,-0.44600829807690273,-0.44321480227443466,-0.5601984688795526,0.44685663506115586,-0.5421722173789436,-0.28445989578191094,0.022543760019505078,0.3620323136895142,0.30233731651897994,0.37607683693587457,-0.5773892722017608,-0.44816106519299137,0.7849871218960509,-0.1921115972298124,-0.04197131382482876,0.297439305072487,-0.1295332266712801,-0.044281691966425854,-0.3694495146057671,-0.02212618309292917,0.5423438945211618,-0.41384662864638533,-0.5053417979424745,-0.12652011738551888,-0.3910604336340568,0.30548010533154313,0.055385467728768234,0.5855067531020995,0.040087155597155553,-0.46522956995832987,0.2344058272315936,1.0,0.22958715804832142,-0.6484078299107425,-0.16568139218061953,-0.40772057635080444,-0.2772376599754674,0.09109228560807459,-0.08131800493456245,-0.08079640985037692,0.05021729868947885,0.14601106447131626,0.3888521657925635,0.18649754153142276,-0.07360406017991833,-0.24933407050915748,-0.23406651647936633
Consumer_Services_Rate,0.5543949522083899,0.1752525307134786,-0.3089710847783469,0.5063113560459813,0.5902880908637133,0.5241086592240511,0.38627872504099564,0.07925254701982704,-0.3077078015383019,0.7241106486069792,0.6219735592318746,0.28959799301150124,0.17229850260173177,0.03729966355278251,-0.6915509139373897,0.4468157850576586,0.743326511531118,-0.5078519034592384,0.45510893354149845,0.5139217467583763,0.3815110580688961,-0.3815110534067486,-0.11110309757536763,0.022396871027810364,0.19688165709145083,0.21337966192955482,-0.02156019903658517,-0.2800917870070164,0.14386025079665798,0.4189673107745756,0.10174767151851703,-0.3618646407235608,-0.3242013736574576,-0.3434422345712858,-0.7677951116156091,0.21032230090267776,0.3562930503140166,0.3905796097588079,0.5475932806487173,-0.46731343129078745,-0.005589030326205777,0.4285204684792567,0.22046372896183747,0.34189728041071876,-0.01638413616697495,0.14623791383058096,-0.07808257105738506,0.030386445478658996,-0.835173346916657,-0.2533885451393545,-0.2599691362074685,0.7186220246170939,0.6194935197763666,0.21033653110750905,-0.17625696708643673,0.22958715804832142,1.0,-0.6144876610462988,-0.31400509904076707,-0.4345404936069503,0.25406283834359283,0.6446037279245659,-0.6491043533977551,-0.6456823870754111,0.6430131243905869,0.6114371596420762,0.7403083564834343,0.6007370819281295,0.44443848772009886,-0.02209452980565904,0.10481270732534448
Business_Knowledge_Services_Rate,-0.18188509163523162,0.17844996496624857,-0.13363776829104632,-0.12613366692411856,-0.5091975939186197,-0.148955554343721,-0.1506755283823591,0.24696508909015694,-0.09868956827410591,-0.6285285134353513,-0.6313098778768631,-0.5292209046053394,-0.6006196630112957,-0.34021432486920233,0.806617134381506,-0.2110590113461817,-0.6717832153137642,0.6536605332006278,-0.6572606905497698,-0.5645046062777067,-0.6139765637121604,0.6139765613878849,0.3047657202360621,0.3631897442568768,0.2911476312654972,0.2524267620635237,0.4506704145923467,-0.23273931324878555,0.3561445669061713,-0.08802800859534496,-0.17014182601696187,0.005265012036731107,0.06960792432913464,-0.030407726797041356,0.878226169122258,0.23750337262823676,-0.7621148782960653,-0.22010668271924805,-0.3010241048401374,0.06750137677999411,0.1361654984741974,-0.20439378478979103,0.10949593667923471,-0.1636771439537777,-0.3780821482968439,0.24022838595785778,0.373165108081805,0.08746669715101818,0.7362772292082567,-0.057647190531343095,0.21795556413587652,-0.7911347790706609,-0.3685120518313149,0.1437586380012919,-0.1324798598066514,-0.6484078299107425,-0.6144876610462988,1.0,-0.20724977522469054,0.4480824537163008,0.06198297209008514,-0.45889141647367787,0.4525421369375679,0.44977426634008594,-0.4227362058600781,-0.5006584249307525,-0.6508625399555954,-0.5861454085536719,-0.1606114571314027,0.2701719658482734,0.05109106822165293
Public_Services_Rate,-0.13401796611985078,0.03908763710807318,0.17135217364092362,-0.2946651971981622,-0.02400314506104145,-0.1997965649305758,-0.04037643581159357,-0.13322177681572742,0.12828079978965193,-0.17392938907501534,-0.15813905949414897,-0.007757053217591539,0.1041096991390068,0.2550421524094262,0.06320478487302947,-0.23151404756028984,-0.18121727981122646,-0.04486148228339182,0.05693835878626866,0.02218820462696899,0.1434565704891314,-0.14345656974869858,-0.07938311419091622,-0.12649029122606245,-0.08845954444637036,-0.10649879368644179,-0.0625217524455611,0.13952210671503326,-0.1378422306019943,-0.05604531251494263,0.21449426179800285,0.09658308765870918,-0.07661088195215063,0.11988132709980777,-0.04015420161033545,-0.0803874234176694,0.09776465866794647,0.038118115129088186,-0.08469282372036785,0.18182386243793766,-0.06929722901446814,-0.1420926760982681,-0.15886223629735854,-0.08668508393771232,0.14407092036979272,-0.09393982405929859,-0.1040549426825815,-0.14558146693384022,0.1096570932662217,0.2891145810777123,-0.2550432485368183,-0.10712601025213543,-0.1072016750109941,0.05610275286958855,-0.12769059829732254,-0.16568139218061953,-0.31400509904076707,-0.20724977522469054,1.0,-0.08452426302126358,0.07146328596471482,-0.12739367761155268,0.12945968378161826,0.12902867662937875,-0.09099437002280354,-0.03133423722228816,-0.15635333878286217,0.09813529095145315,-0.09906014423090445,-0.25092406821956537,-0.13521199907834905
Other_Services_Rate,-0.14089647796950247,0.02421802020012852,0.020121697486346853,-0.23509538230235344,-0.2340722718608459,-0.11949183928164515,-0.31053148687751936,0.16004920230324274,0.07041914153626183,-0.4131267026076989,-0.447945513517686,-0.35967859435179284,-0.2588252333514192,-0.12048775804194399,0.49042757838908174,-0.21388761998664238,-0.45176181989287423,0.26533868704828667,-0.2584581255556254,-0.24054414383162237,-0.18644840630770998,0.1864483993332701,0.30122653026839236,0.1801391357802112,-0.09869705176909621,0.043690916879545495,0.20569772492377592,0.06705658203381575,0.10348332866816802,0.020584430677230398,-0.08893147535216193,-0.09715392341401352,-0.009607319052681586,-0.10374367455394794,0.5188397859677328,0.06646374487901684,-0.47447552657352043,-0.00622780596529797,-0.18636529987101969,-0.00632803857761493,0.08491286595905743,-0.06991378165456069,0.14456347052367918,-0.12206748363876531,-0.31141906142906595,0.14234173038447975,0.38561523788714486,0.17696869363101486,0.43333655656641357,-0.14583721036336453,0.2875138201910203,-0.4396591261425364,-0.27166601728593626,-0.001102470799657451,0.09230650774034574,-0.40772057635080444,-0.4345404936069503,0.4480824537163008,-0.08452426302126358,1.0,-0.059252330298910354,-0.20268895950612204,0.20923819727785598,0.20906113393911827,-0.2443982325410858,-0.2672596605686342,-0.3622832842410281,-0.2983508745247734,-0.12049989964291408,0.14809865972048564,0.16225549319627097
Population_per_km2,0.4418569234647039,0.3924352156000205,-0.5285314706585306,0.2714699242712544,0.2691234046572483,0.3885327421606014,0.29391787187610485,0.44988540943060856,-0.5380042321481678,0.18936937299474338,0.03900233308905154,-0.2328501630350504,-0.27036010694579865,-0.18644181652220454,-0.003940106706911426,0.18538758032747155,0.15757990503488592,-0.031306652008163384,-0.045850436307529135,0.13125524199761213,-0.03662440826414075,0.036624411750983785,0.10666052497967196,0.3049039984387832,0.5056222706569387,0.5106533125884902,0.49181501673445416,-0.4709799191098476,0.5055640073571108,0.6520235646740877,0.29714079381495434,-0.6044841944620446,-0.7131977149625054,-0.5838920646432156,-0.13269720473093657,0.6295249101981851,-0.3382590012414733,0.445581875884431,0.35605829872596184,-0.45358831984556147,0.014124333230187703,0.23041009555314712,0.33978781669475344,0.22372088543779103,-0.43770944359768815,0.4902376523097685,0.31588030723893684,-0.07241628357108229,-0.23859638490525112,-0.1393106493622608,-0.5632308114679746,0.1607597282159942,0.3813718429031343,0.41661187084077195,-0.7622160790295709,-0.2772376599754674,0.25406283834359283,0.06198297209008514,0.07146328596471482,-0.059252330298910354,1.0,0.2674791786370997,-0.2860027737388916,-0.28621180225611925,0.3584367275398891,0.28784969823281037,0.19714900140521294,0.3074392907657077,0.41316752462434514,-0.18969088688831728,0.021197995504120312
IMD_Score,0.7167753958201021,0.2620456212422371,-0.4547244556945346,0.6126390134055582,0.8644219534418036,0.7265728238438968,0.35380351378528924,0.2558439366532897,-0.42340457870648796,0.7587423533280606,0.47289413446645284,0.1054670689286614,0.028612347848481053,-0.15900751841070238,-0.5387762051709715,0.3088649748738122,0.7249838357742221,-0.6457007652700067,0.5222412510625833,0.7293950690101813,0.5647136987188175,-0.5647136970407556,0.0074152242107049585,0.0845727474056637,0.1659250596443108,0.36687637937078327,0.17797349263029658,-0.29611467619789394,0.2490381614194718,0.707520472405151,0.08177761677706538,-0.6714186928244898,-0.552365459000895,-0.6554241751218112,-0.6266726915035216,0.45674961499163946,0.10593310876385315,0.45802295914273616,0.6336598375796177,-0.7334413083060227,0.023705457672612475,0.7300321221879109,0.32527341718031494,0.4585488711264842,-0.2854835901746707,0.3545535389560695,0.16428569194356277,0.09585591508612741,-0.7867525893809573,-0.4384698690624396,-0.26396543971108277,0.6668858639639729,0.8132091725172229,0.24815160925131421,-0.16499155503346963,0.09109228560807459,0.6446037279245659,-0.45889141647367787,-0.12739367761155268,-0.20268895950612204,0.2674791786370997,1.0,-0.9895927247867096,-0.9819784900671384,0.9029799723240962,0.8799730866671961,0.8098653335741341,0.8411286158701065,0.7071551753762384,0.16527872491603185,0.3807485438106851
IMD_Rank,-0.7276183729287986,-0.27602447632366983,0.46552996300330146,-0.6298234468768217,-0.8671290715121599,-0.7338473387681156,-0.37399842443145637,-0.2572893160524484,0.43710628300726284,-0.7602879457316448,-0.47143325044128503,-0.10388733982807048,-0.010893181259874974,0.1693206192537301,0.5333366018078085,-0.30828784635988815,-0.7257084958874459,0.642660410929447,-0.516095295677746,-0.7308969114430882,-0.5610360242198957,0.5610360231949866,-0.004403161662475808,-0.08981100426729441,-0.17866180900222334,-0.3780612955136089,-0.19001734679123478,0.30884506751859947,-0.257763954576973,-0.7134562554278333,-0.07413040567209693,0.6759872360437098,0.5604517298326488,0.6645858779627807,0.6229745779946299,-0.4670447140258945,-0.09413245051124358,-0.465479690267232,-0.6342428959557719,0.7430467834917741,-0.022112899714026055,-0.7356355250333857,-0.3217996242471659,-0.4695787534174919,0.29053402887590657,-0.3599795420467001,-0.16240059440325413,-0.09040283709875428,0.7876989480812953,0.44744171165594826,0.2807589615897772,-0.6680780435657536,-0.8190223674947849,-0.262211506616647,0.18148640740189742,-0.08131800493456245,-0.6491043533977551,0.4525421369375679,0.12945968378161826,0.20923819727785598,-0.2860027737388916,-0.9895927247867096,1.0,0.9950501293832348,-0.9129415296185668,-0.8863768859072088,-0.8054230531305135,-0.8388892264496193,-0.7066801176830032,-0.15809475399915893,-0.3732470634657553
IMD_Decile,-0.7224104340918054,-0.27611644152760323,0.4634759271518565,-0.6269443764373296,-0.8610449705341439,-0.7294014363643724,-0.37346601805697843,-0.25579943674047645,0.43555449621287173,-0.7552509148479009,-0.46852489091301974,-0.10285170299160298,-0.009149834885493754,0.1679673267005279,0.5295943542609546,-0.3066109853480302,-0.7209519611307774,0.6375588569657399,-0.5119560000208903,-0.7251168855223608,-0.5559471178131268,0.5559471163408785,-0.0035925660087623478,-0.08897370219720023,-0.179274637252647,-0.37677270441455246,-0.19047760472840156,0.3089778523197059,-0.2569159674750841,-0.7091273909253569,-0.07469669784865882,0.6715176731329896,0.557331720966038,0.6599942975887174,0.6191722439734528,-0.4646839071560467,-0.09312970205425754,-0.46292691053442825,-0.6298246470630543,0.7383308122735067,-0.02225526428272507,-0.7312838691379875,-0.32033676158624946,-0.4675959702218871,0.2891123751829349,-0.3580778579803949,-0.1614848927098166,-0.0890994689216942,0.7831357627197548,0.44516554337010267,0.2793466872791698,-0.6641712022342879,-0.8135570853629155,-0.2623487177170009,0.18166961466777015,-0.08079640985037692,-0.6456823870754111,0.44977426634008594,0.12902867662937875,0.20906113393911827,-0.28621180225611925,-0.9819784900671384,0.9950501293832348,1.0,-0.9061265927762441,-0.8788976822750156,-0.7999563950350236,-0.8321923558753169,-0.7010548619398609,-0.15649618712095162,-0.36996398600026004
Income_Deprivation_Score,0.7980560647584813,0.29800216008796027,-0.45618171844945,0.7038146101707407,0.8670995071152633,0.7341481569936732,0.4900531540451782,0.17147658127925777,-0.4422386319798587,0.7817344702750728,0.4832366316441868,0.1338312144754338,-0.027499307747695267,-0.23202674837531276,-0.5258514954809361,0.30061299943851216,0.7458893584141135,-0.6438517359787977,0.5000577534769794,0.755916733741261,0.5609474402773151,-0.5609474394849849,-0.06674584391285539,0.054992800071006,0.19827516066997214,0.38741085878807574,0.20981570521374113,-0.3290163155828614,0.26939805850907517,0.7125490793731573,0.05130349539232947,-0.6677415264639277,-0.5863360341195103,-0.6778561834688059,-0.6122927944558659,0.48490311542767195,0.08120498634421192,0.46131728051920506,0.6338253620319542,-0.7503920277735562,0.010163058208138644,0.7476044811491422,0.2210196169062445,0.5143779436909657,-0.2725268564867753,0.37436907643958267,0.10237746299070113,0.03622200836264269,-0.7690710468643448,-0.4368615727713931,-0.36684885701304265,0.6550156579682607,0.850294831794948,0.2761066053015915,-0.2646373812317424,0.05021729868947885,0.6430131243905869,-0.4227362058600781,-0.09099437002280354,-0.2443982325410858,0.3584367275398891,0.9029799723240962,-0.9129415296185668,-0.9061265927762441,1.0,0.9558544187532797,0.764143112680517,0.8090753059281662,0.6477322933704035,0.048418939162158656,0.19618793406850224
Employment_Deprivation_Score,0.7200488018652484,0.17534327892740115,-0.3132199580277838,0.6008686731153563,0.895812669871589,0.6515622880560761,0.3899198259615502,0.07857585788236215,-0.3062428351091653,0.7890790248451807,0.5147017469839534,0.2161676738316025,0.10392337946687097,-0.1691360325322186,-0.5833746141384497,0.25485534663543497,0.7608354353043905,-0.7423566341412334,0.6072434739481537,0.8301317484542969,0.6862599591575705,-0.6862599579909311,-0.12243847988894938,-0.0538745134751591,0.0623363187391118,0.24073209202734255,0.07932204108167287,-0.16819824336245293,0.12618537827025977,0.6428995465718237,0.0657025576034426,-0.5867765511638637,-0.530284904938209,-0.5941152895186586,-0.6453887073633146,0.3674482133839113,0.19944569935357134,0.42308849805222487,0.5869850159353108,-0.6481399307221113,-0.04001540524128404,0.6909300206882152,0.11835609881365876,0.4695577868060081,-0.1832180876336714,0.296422056088501,0.03460571237175291,0.011019269876980663,-0.7602706082385834,-0.34924386820271736,-0.37577640558668285,0.7000283024207794,0.8098369815393316,0.15134101681563839,-0.21375286296422422,0.14601106447131626,0.6114371596420762,-0.5006584249307525,-0.03133423722228816,-0.2672596605686342,0.28784969823281037,0.8799730866671961,-0.8863768859072088,-0.8788976822750156,0.9558544187532797,1.0,0.7589191721869113,0.8514387043157697,0.6119696556033917,-0.050350718232968675,0.12641964501230737
Education_Deprivation_Score,0.5432680504649962,0.04853939998332349,-0.2894152705807249,0.5084968567962714,0.7622649596499089,0.5445286427881764,0.37997151395984236,0.061210527017627615,-0.2880238711964118,0.8296127298857885,0.7492376475636815,0.4288890703731799,0.32555634855700594,0.08440733536881402,-0.8212235248450165,0.3560407236884266,0.8619851831304605,-0.675508779115409,0.606680698178004,0.6811039691470044,0.5812631919052941,-0.5812631894499986,-0.16597951675588818,-0.14210893939474462,-0.003385589455049152,0.17406134867584216,-0.045590509810328785,-0.09546039279539298,0.006009947376184246,0.4647906226344582,0.12125589375764644,-0.40180384456452567,-0.3503349034224733,-0.3744820700244899,-0.8173443456622365,0.21477039607538476,0.43029329464074706,0.37518326850343425,0.5374529986308001,-0.5087690020108215,0.017126024736458356,0.609603286437673,0.09811234259697234,0.37822223340213085,0.0068988852780677195,0.13881047910128044,-0.1452832800092073,-0.010316952055474707,-0.8903948230724039,-0.1542558785443596,-0.25584714430815036,0.8443921947039112,0.6729772515078157,0.05973472496965922,-0.11362495370460468,0.3888521657925635,0.7403083564834343,-0.6508625399555954,-0.15635333878286217,-0.3622832842410281,0.19714900140521294,0.8098653335741341,-0.8054230531305135,-0.7999563950350236,0.764143112680517,0.7589191721869113,1.0,0.7234741467627233,0.49664018028545753,-0.033954063067601674,0.07999959515616256
Health_Deprivation_Score,0.5808682037239934,0.14690467485112577,-0.2705865441795614,0.3736155731183444,0.8240798245120312,0.5302989661648538,0.23830938789823738,0.1546499296214843,-0.27298998202208513,0.7057213616061155,0.4492468162410615,0.16806150952763627,0.19886484724504888,0.004453979912128859,-0.5865360750325536,0.21314551293827402,0.6771870335077954,-0.7186180673127256,0.6082892692196821,0.7751650559507809,0.6858692223010253,-0.6858692203511126,-0.049228192754699224,-0.03952775714825679,0.02696137958686706,0.17021100418454874,0.003589456980991016,-0.09242449331728936,0.046314093893394935,0.6208001226999681,0.13680979830224588,-0.5501051011498325,-0.5475344552068364,-0.5476863276903964,-0.6788389103215469,0.284435059627435,0.2747860305989168,0.43877510168509415,0.5474532780669071,-0.5643844042764884,-0.06732905991540927,0.5702592410914903,0.16397248880780527,0.3884176252039148,-0.14408785134520563,0.23113537906595147,0.015261424721473946,-0.0030079371712378976,-0.7439185310185873,-0.24819091725550435,-0.4767873909439376,0.694653585484491,0.7105177654229693,0.1563871159984287,-0.23159590348624795,0.18649754153142276,0.6007370819281295,-0.5861454085536719,0.09813529095145315,-0.2983508745247734,0.3074392907657077,0.8411286158701065,-0.8388892264496193,-0.8321923558753169,0.8090753059281662,0.8514387043157697,0.7234741467627233,1.0,0.5956114104187603,-0.15747293838087628,0.16382137619504317
Crime_Deprivation_Score,0.5918679634170976,0.33065564554132243,-0.5005994254744887,0.4687398781271068,0.5759610285149058,0.5995136349769208,0.3138893245625975,0.3695839375908002,-0.4855607887517324,0.4827006328494975,0.2289732158784705,-0.07564640460199364,-0.12632608056523692,-0.2046006409383641,-0.25266810469406986,0.2170270617872646,0.43988538318000153,-0.33541233941148524,0.22856078926095122,0.4376877153148829,0.27045672240005175,-0.2704567239262448,0.10658223925925064,0.20832312621861135,0.3345768757061005,0.433815679017482,0.34391232382083325,-0.34325758036204546,0.35877421468673965,0.6553048232954362,0.1036945771296548,-0.6139490280835489,-0.5623250614674878,-0.6091876070847109,-0.33932075211698465,0.5364569479367601,-0.1162217185108334,0.39265600241434234,0.5136979304093466,-0.5926079347499154,0.004446984170937124,0.4843254830254498,0.3568844191970873,0.339854792872646,-0.34043089807688587,0.40888713733931964,0.2783630125472614,0.10569623270090776,-0.48997279152370377,-0.33994655098460436,-0.348164900064791,0.3821261823301177,0.6114581932012435,0.32376947180819393,-0.4107145093603243,-0.07360406017991833,0.44443848772009886,-0.1606114571314027,-0.09906014423090445,-0.12049989964291408,0.41316752462434514,0.7071551753762384,-0.7066801176830032,-0.7010548619398609,0.6477322933704035,0.6119696556033917,0.49664018028545753,0.5956114104187603,1.0,-0.017216555067573948,0.28098407682997906
Housing_Services_Deprivation_Score,0.18417265226995283,0.23018608982901007,-0.24026422125810287,0.2480873912891653,-0.0563588974932384,0.2212912007891051,0.08572208350225012,0.16963365334131333,-0.1888979079832542,-0.05206784714327127,-0.10327653965111962,-0.20851041106387808,-0.33524549459977765,-0.22267265888496546,0.19522210967943143,0.13246298925439243,-0.07074281747159133,0.21057357029127122,-0.2359898067459965,-0.14882369382527674,-0.26353981516975394,0.26353981437772916,0.14303326837226019,0.24768425396430419,0.23781615103449202,0.40273070707482567,0.293770325055617,-0.37726239775737674,0.3521476846291951,0.0076291083138244845,-0.2881445948633968,-0.0922890741524096,0.11468782855412336,-0.13103678102249397,0.17565911406271711,0.2383565905424992,-0.3201595611817323,-0.13398806045498188,0.04582254934530873,-0.23790450092546983,0.19106940565639258,0.16721292574680138,0.1607294067620691,0.11352937330287219,-0.2734764679045033,0.1622692098722767,0.17446328824472507,0.07191368350015062,0.045490769405447266,-0.2703928689767315,0.33677215592136256,-0.22435360863744316,0.08453005368601803,0.2147636799785153,0.1792113171008433,-0.24933407050915748,-0.02209452980565904,0.2701719658482734,-0.25092406821956537,0.14809865972048564,-0.18969088688831728,0.16527872491603185,-0.15809475399915893,-0.15649618712095162,0.048418939162158656,-0.050350718232968675,-0.033954063067601674,-0.15747293838087628,-0.017216555067573948,1.0,0.21394355602041737
Living_Environment_Deprivation_Score,0.271394683345912,0.2809171667121595,-0.32936935965293135,0.1882843822698534,0.1337287489461595,0.3339561627090656,-0.000878902565829645,0.34758934065566915,-0.2732386169019104,0.054925388206491836,-0.1533832385831563,-0.2985755910077026,-0.2679112054736826,-0.14679155187767734,0.13001908780239346,0.06002114336151748,-0.0037300881220160747,0.037871179222670866,-0.0778562391968994,0.020786242742641573,-0.07593633430113343,0.07593633485759795,0.27019577502099473,0.3408306493383494,0.23806843346524637,0.25244055598844345,0.24321400817507427,-0.30955952262255604,0.30482236218482023,0.31531210427098627,-0.05270090443254119,-0.3816729562333967,-0.2147766775271955,-0.3698695010335799,0.04068537350231284,0.2797885672324722,-0.30458087469967676,0.23347042403886162,0.2672754444194367,-0.31526274445766717,0.007894404685875815,0.09192455256331108,0.5287182632470264,0.0824736807103235,-0.29043171469330265,0.15164999538975268,0.43324571776530707,0.3033318524514243,-0.10424733179909948,-0.4001613095040097,0.15309724387469453,-0.05737384038915188,0.19485438748176032,0.26695413904009213,0.08067306711658834,-0.23406651647936633,0.10481270732534448,0.05109106822165293,-0.13521199907834905,0.16225549319627097,0.021197995504120312,0.3807485438106851,-0.3732470634657553,-0.36996398600026004,0.19618793406850224,0.12641964501230737,0.07999959515616256,0.16382137619504317,0.28098407682997906,0.21394355602041737,1.0
